vendor,model,template_name,file,snmp_support_basis,monitoring_scope,source_urls,note
Fortinet,FG-30G,Fortinet FG-30G by SNMP,templates/Fortinet/Fortinet__FG-30G__zabbix_7_snmp.yaml,Official vendor OS/family documentation,SNMPv2-MIB + IF-MIB baseline; ICMP; interface LLD; triggers; graphs,https://docs.fortinet.com/document/fortigate/latest/fortios-release-notes/760203/introduction-and-supported-models | https://docs.fortinet.com/document/fortigate/7.6.4/fortios-release-notes/760203/introduction-and-supported-models,Enable/configure the FortiGate SNMP agent and allow SNMP on the monitored management interface.
Fortinet,FG-31G,Fortinet FG-31G by SNMP,templates/Fortinet/Fortinet__FG-31G__zabbix_7_snmp.yaml,Official vendor OS/family documentation,SNMPv2-MIB + IF-MIB baseline; ICMP; interface LLD; triggers; graphs,https://docs.fortinet.com/document/fortigate/latest/fortios-release-notes/760203/introduction-and-supported-models | https://docs.fortinet.com/document/fortigate/7.6.4/fortios-release-notes/760203/introduction-and-supported-models,Enable/configure the FortiGate SNMP agent and allow SNMP on the monitored management interface.
Fortinet,FG-40F,Fortinet FG-40F by SNMP,templates/Fortinet/Fortinet__FG-40F__zabbix_7_snmp.yaml,Official vendor OS/family documentation,SNMPv2-MIB + IF-MIB baseline; ICMP; interface LLD; triggers; graphs,https://docs.fortinet.com/document/fortigate/latest/fortios-release-notes/760203/introduction-and-supported-models | https://docs.fortinet.com/document/fortigate/7.6.4/fortios-release-notes/760203/introduction-and-supported-models,Enable/configure the FortiGate SNMP agent and allow SNMP on the monitored management interface.
Fortinet,FG-40F-3G4G,Fortinet FG-40F-3G4G by SNMP,templates/Fortinet/Fortinet__FG-40F-3G4G__zabbix_7_snmp.yaml,Official vendor OS/family documentation,SNMPv2-MIB + IF-MIB baseline; ICMP; interface LLD; triggers; graphs,https://docs.fortinet.com/document/fortigate/latest/fortios-release-notes/760203/introduction-and-supported-models | https://docs.fortinet.com/document/fortigate/7.6.4/fortios-release-notes/760203/introduction-and-supported-models,Enable/configure the FortiGate SNMP agent and allow SNMP on the monitored management interface.
Fortinet,FG-50G,Fortinet FG-50G by SNMP,templates/Fortinet/Fortinet__FG-50G__zabbix_7_snmp.yaml,Official vendor OS/family documentation,SNMPv2-MIB + IF-MIB baseline; ICMP; interface LLD; triggers; graphs,https://docs.fortinet.com/document/fortigate/latest/fortios-release-notes/760203/introduction-and-supported-models | https://docs.fortinet.com/document/fortigate/7.6.4/fortios-release-notes/760203/introduction-and-supported-models,Enable/configure the FortiGate SNMP agent and allow SNMP on the monitored management interface.
Fortinet,FG-51G,Fortinet FG-51G by SNMP,templates/Fortinet/Fortinet__FG-51G__zabbix_7_snmp.yaml,Official vendor OS/family documentation,SNMPv2-MIB + IF-MIB baseline; ICMP; interface LLD; triggers; graphs,https://docs.fortinet.com/document/fortigate/latest/fortios-release-notes/760203/introduction-and-supported-models | https://docs.fortinet.com/document/fortigate/7.6.4/fortios-release-notes/760203/introduction-and-supported-models,Enable/configure the FortiGate SNMP agent and allow SNMP on the monitored management interface.
Fortinet,FG-50G-5G,Fortinet FG-50G-5G by SNMP,templates/Fortinet/Fortinet__FG-50G-5G__zabbix_7_snmp.yaml,Official vendor OS/family documentation,SNMPv2-MIB + IF-MIB baseline; ICMP; interface LLD; triggers; graphs,https://docs.fortinet.com/document/fortigate/latest/fortios-release-notes/760203/introduction-and-supported-models | https://docs.fortinet.com/document/fortigate/7.6.4/fortios-release-notes/760203/introduction-and-supported-models,Enable/configure the FortiGate SNMP agent and allow SNMP on the monitored management interface.
Fortinet,FG-51G-5G,Fortinet FG-51G-5G by SNMP,templates/Fortinet/Fortinet__FG-51G-5G__zabbix_7_snmp.yaml,Official vendor OS/family documentation,SNMPv2-MIB + IF-MIB baseline; ICMP; interface LLD; triggers; graphs,https://docs.fortinet.com/document/fortigate/latest/fortios-release-notes/760203/introduction-and-supported-models | https://docs.fortinet.com/document/fortigate/7.6.4/fortios-release-notes/760203/introduction-and-supported-models,Enable/configure the FortiGate SNMP agent and allow SNMP on the monitored management interface.
Fortinet,FG-50G-SFP,Fortinet FG-50G-SFP by SNMP,templates/Fortinet/Fortinet__FG-50G-SFP__zabbix_7_snmp.yaml,Official vendor OS/family documentation,SNMPv2-MIB + IF-MIB baseline; ICMP; interface LLD; triggers; graphs,https://docs.fortinet.com/document/fortigate/latest/fortios-release-notes/760203/introduction-and-supported-models | https://docs.fortinet.com/document/fortigate/7.6.4/fortios-release-notes/760203/introduction-and-supported-models,Enable/configure the FortiGate SNMP agent and allow SNMP on the monitored management interface.
Fortinet,FG-50G-DSL,Fortinet FG-50G-DSL by SNMP,templates/Fortinet/Fortinet__FG-50G-DSL__zabbix_7_snmp.yaml,Official vendor OS/family documentation,SNMPv2-MIB + IF-MIB baseline; ICMP; interface LLD; triggers; graphs,https://docs.fortinet.com/document/fortigate/latest/fortios-release-notes/760203/introduction-and-supported-models | https://docs.fortinet.com/document/fortigate/7.6.4/fortios-release-notes/760203/introduction-and-supported-models,Enable/configure the FortiGate SNMP agent and allow SNMP on the monitored management interface.
Fortinet,FG-50G-SFP-POE,Fortinet FG-50G-SFP-POE by SNMP,templates/Fortinet/Fortinet__FG-50G-SFP-POE__zabbix_7_snmp.yaml,Official vendor OS/family documentation,SNMPv2-MIB + IF-MIB baseline; ICMP; interface LLD; triggers; graphs,https://docs.fortinet.com/document/fortigate/latest/fortios-release-notes/760203/introduction-and-supported-models | https://docs.fortinet.com/document/fortigate/7.6.4/fortios-release-notes/760203/introduction-and-supported-models,Enable/configure the FortiGate SNMP agent and allow SNMP on the monitored management interface.
Fortinet,FG-51G-SFP-POE,Fortinet FG-51G-SFP-POE by SNMP,templates/Fortinet/Fortinet__FG-51G-SFP-POE__zabbix_7_snmp.yaml,Official vendor OS/family documentation,SNMPv2-MIB + IF-MIB baseline; ICMP; interface LLD; triggers; graphs,https://docs.fortinet.com/document/fortigate/latest/fortios-release-notes/760203/introduction-and-supported-models | https://docs.fortinet.com/document/fortigate/7.6.4/fortios-release-notes/760203/introduction-and-supported-models,Enable/configure the FortiGate SNMP agent and allow SNMP on the monitored management interface.
Fortinet,FG-60F,Fortinet FG-60F by SNMP,templates/Fortinet/Fortinet__FG-60F__zabbix_7_snmp.yaml,Official vendor OS/family documentation,SNMPv2-MIB + IF-MIB baseline; ICMP; interface LLD; triggers; graphs,https://docs.fortinet.com/document/fortigate/latest/fortios-release-notes/760203/introduction-and-supported-models | https://docs.fortinet.com/document/fortigate/7.6.4/fortios-release-notes/760203/introduction-and-supported-models,Enable/configure the FortiGate SNMP agent and allow SNMP on the monitored management interface.
Fortinet,FG-61F,Fortinet FG-61F by SNMP,templates/Fortinet/Fortinet__FG-61F__zabbix_7_snmp.yaml,Official vendor OS/family documentation,SNMPv2-MIB + IF-MIB baseline; ICMP; interface LLD; triggers; graphs,https://docs.fortinet.com/document/fortigate/latest/fortios-release-notes/760203/introduction-and-supported-models | https://docs.fortinet.com/document/fortigate/7.6.4/fortios-release-notes/760203/introduction-and-supported-models,Enable/configure the FortiGate SNMP agent and allow SNMP on the monitored management interface.
Fortinet,FG-70F,Fortinet FG-70F by SNMP,templates/Fortinet/Fortinet__FG-70F__zabbix_7_snmp.yaml,Official vendor OS/family documentation,SNMPv2-MIB + IF-MIB baseline; ICMP; interface LLD; triggers; graphs,https://docs.fortinet.com/document/fortigate/latest/fortios-release-notes/760203/introduction-and-supported-models | https://docs.fortinet.com/document/fortigate/7.6.4/fortios-release-notes/760203/introduction-and-supported-models,Enable/configure the FortiGate SNMP agent and allow SNMP on the monitored management interface.
Fortinet,FG-71F,Fortinet FG-71F by SNMP,templates/Fortinet/Fortinet__FG-71F__zabbix_7_snmp.yaml,Official vendor OS/family documentation,SNMPv2-MIB + IF-MIB baseline; ICMP; interface LLD; triggers; graphs,https://docs.fortinet.com/document/fortigate/latest/fortios-release-notes/760203/introduction-and-supported-models | https://docs.fortinet.com/document/fortigate/7.6.4/fortios-release-notes/760203/introduction-and-supported-models,Enable/configure the FortiGate SNMP agent and allow SNMP on the monitored management interface.
Fortinet,FG-70G,Fortinet FG-70G by SNMP,templates/Fortinet/Fortinet__FG-70G__zabbix_7_snmp.yaml,Official vendor OS/family documentation,SNMPv2-MIB + IF-MIB baseline; ICMP; interface LLD; triggers; graphs,https://docs.fortinet.com/document/fortigate/latest/fortios-release-notes/760203/introduction-and-supported-models | https://docs.fortinet.com/document/fortigate/7.6.4/fortios-release-notes/760203/introduction-and-supported-models,Enable/configure the FortiGate SNMP agent and allow SNMP on the monitored management interface.
Fortinet,FG-71G,Fortinet FG-71G by SNMP,templates/Fortinet/Fortinet__FG-71G__zabbix_7_snmp.yaml,Official vendor OS/family documentation,SNMPv2-MIB + IF-MIB baseline; ICMP; interface LLD; triggers; graphs,https://docs.fortinet.com/document/fortigate/latest/fortios-release-notes/760203/introduction-and-supported-models | https://docs.fortinet.com/document/fortigate/7.6.4/fortios-release-notes/760203/introduction-and-supported-models,Enable/configure the FortiGate SNMP agent and allow SNMP on the monitored management interface.
Fortinet,FG-70G-POE,Fortinet FG-70G-POE by SNMP,templates/Fortinet/Fortinet__FG-70G-POE__zabbix_7_snmp.yaml,Official vendor OS/family documentation,SNMPv2-MIB + IF-MIB baseline; ICMP; interface LLD; triggers; graphs,https://docs.fortinet.com/document/fortigate/latest/fortios-release-notes/760203/introduction-and-supported-models | https://docs.fortinet.com/document/fortigate/7.6.4/fortios-release-notes/760203/introduction-and-supported-models,Enable/configure the FortiGate SNMP agent and allow SNMP on the monitored management interface.
Fortinet,FG-71G-POE,Fortinet FG-71G-POE by SNMP,templates/Fortinet/Fortinet__FG-71G-POE__zabbix_7_snmp.yaml,Official vendor OS/family documentation,SNMPv2-MIB + IF-MIB baseline; ICMP; interface LLD; triggers; graphs,https://docs.fortinet.com/document/fortigate/latest/fortios-release-notes/760203/introduction-and-supported-models | https://docs.fortinet.com/document/fortigate/7.6.4/fortios-release-notes/760203/introduction-and-supported-models,Enable/configure the FortiGate SNMP agent and allow SNMP on the monitored management interface.
Fortinet,FG-80F,Fortinet FG-80F by SNMP,templates/Fortinet/Fortinet__FG-80F__zabbix_7_snmp.yaml,Official vendor OS/family documentation,SNMPv2-MIB + IF-MIB baseline; ICMP; interface LLD; triggers; graphs,https://docs.fortinet.com/document/fortigate/latest/fortios-release-notes/760203/introduction-and-supported-models | https://docs.fortinet.com/document/fortigate/7.6.4/fortios-release-notes/760203/introduction-and-supported-models,Enable/configure the FortiGate SNMP agent and allow SNMP on the monitored management interface.
Fortinet,FG-80F-BP,Fortinet FG-80F-BP by SNMP,templates/Fortinet/Fortinet__FG-80F-BP__zabbix_7_snmp.yaml,Official vendor OS/family documentation,SNMPv2-MIB + IF-MIB baseline; ICMP; interface LLD; triggers; graphs,https://docs.fortinet.com/document/fortigate/latest/fortios-release-notes/760203/introduction-and-supported-models | https://docs.fortinet.com/document/fortigate/7.6.4/fortios-release-notes/760203/introduction-and-supported-models,Enable/configure the FortiGate SNMP agent and allow SNMP on the monitored management interface.
Fortinet,FG-80F-DSL,Fortinet FG-80F-DSL by SNMP,templates/Fortinet/Fortinet__FG-80F-DSL__zabbix_7_snmp.yaml,Official vendor OS/family documentation,SNMPv2-MIB + IF-MIB baseline; ICMP; interface LLD; triggers; graphs,https://docs.fortinet.com/document/fortigate/latest/fortios-release-notes/760203/introduction-and-supported-models | https://docs.fortinet.com/document/fortigate/7.6.4/fortios-release-notes/760203/introduction-and-supported-models,Enable/configure the FortiGate SNMP agent and allow SNMP on the monitored management interface.
Fortinet,FG-80F-POE,Fortinet FG-80F-POE by SNMP,templates/Fortinet/Fortinet__FG-80F-POE__zabbix_7_snmp.yaml,Official vendor OS/family documentation,SNMPv2-MIB + IF-MIB baseline; ICMP; interface LLD; triggers; graphs,https://docs.fortinet.com/document/fortigate/latest/fortios-release-notes/760203/introduction-and-supported-models | https://docs.fortinet.com/document/fortigate/7.6.4/fortios-release-notes/760203/introduction-and-supported-models,Enable/configure the FortiGate SNMP agent and allow SNMP on the monitored management interface.
Fortinet,FG-81F,Fortinet FG-81F by SNMP,templates/Fortinet/Fortinet__FG-81F__zabbix_7_snmp.yaml,Official vendor OS/family documentation,SNMPv2-MIB + IF-MIB baseline; ICMP; interface LLD; triggers; graphs,https://docs.fortinet.com/document/fortigate/latest/fortios-release-notes/760203/introduction-and-supported-models | https://docs.fortinet.com/document/fortigate/7.6.4/fortios-release-notes/760203/introduction-and-supported-models,Enable/configure the FortiGate SNMP agent and allow SNMP on the monitored management interface.
Fortinet,FG-81F-POE,Fortinet FG-81F-POE by SNMP,templates/Fortinet/Fortinet__FG-81F-POE__zabbix_7_snmp.yaml,Official vendor OS/family documentation,SNMPv2-MIB + IF-MIB baseline; ICMP; interface LLD; triggers; graphs,https://docs.fortinet.com/document/fortigate/latest/fortios-release-notes/760203/introduction-and-supported-models | https://docs.fortinet.com/document/fortigate/7.6.4/fortios-release-notes/760203/introduction-and-supported-models,Enable/configure the FortiGate SNMP agent and allow SNMP on the monitored management interface.
Fortinet,FG-90G,Fortinet FG-90G by SNMP,templates/Fortinet/Fortinet__FG-90G__zabbix_7_snmp.yaml,Official vendor OS/family documentation,SNMPv2-MIB + IF-MIB baseline; ICMP; interface LLD; triggers; graphs,https://docs.fortinet.com/document/fortigate/latest/fortios-release-notes/760203/introduction-and-supported-models | https://docs.fortinet.com/document/fortigate/7.6.4/fortios-release-notes/760203/introduction-and-supported-models,Enable/configure the FortiGate SNMP agent and allow SNMP on the monitored management interface.
Fortinet,FG-91G,Fortinet FG-91G by SNMP,templates/Fortinet/Fortinet__FG-91G__zabbix_7_snmp.yaml,Official vendor OS/family documentation,SNMPv2-MIB + IF-MIB baseline; ICMP; interface LLD; triggers; graphs,https://docs.fortinet.com/document/fortigate/latest/fortios-release-notes/760203/introduction-and-supported-models | https://docs.fortinet.com/document/fortigate/7.6.4/fortios-release-notes/760203/introduction-and-supported-models,Enable/configure the FortiGate SNMP agent and allow SNMP on the monitored management interface.
Fortinet,FG-100F,Fortinet FG-100F by SNMP,templates/Fortinet/Fortinet__FG-100F__zabbix_7_snmp.yaml,Official vendor OS/family documentation,SNMPv2-MIB + IF-MIB baseline; ICMP; interface LLD; triggers; graphs,https://docs.fortinet.com/document/fortigate/latest/fortios-release-notes/760203/introduction-and-supported-models | https://docs.fortinet.com/document/fortigate/7.6.4/fortios-release-notes/760203/introduction-and-supported-models,Enable/configure the FortiGate SNMP agent and allow SNMP on the monitored management interface.
Fortinet,FG-101F,Fortinet FG-101F by SNMP,templates/Fortinet/Fortinet__FG-101F__zabbix_7_snmp.yaml,Official vendor OS/family documentation,SNMPv2-MIB + IF-MIB baseline; ICMP; interface LLD; triggers; graphs,https://docs.fortinet.com/document/fortigate/latest/fortios-release-notes/760203/introduction-and-supported-models | https://docs.fortinet.com/document/fortigate/7.6.4/fortios-release-notes/760203/introduction-and-supported-models,Enable/configure the FortiGate SNMP agent and allow SNMP on the monitored management interface.
Fortinet,FG-120G,Fortinet FG-120G by SNMP,templates/Fortinet/Fortinet__FG-120G__zabbix_7_snmp.yaml,Official vendor OS/family documentation,SNMPv2-MIB + IF-MIB baseline; ICMP; interface LLD; triggers; graphs,https://docs.fortinet.com/document/fortigate/latest/fortios-release-notes/760203/introduction-and-supported-models | https://docs.fortinet.com/document/fortigate/7.6.4/fortios-release-notes/760203/introduction-and-supported-models,Enable/configure the FortiGate SNMP agent and allow SNMP on the monitored management interface.
Fortinet,FG-121G,Fortinet FG-121G by SNMP,templates/Fortinet/Fortinet__FG-121G__zabbix_7_snmp.yaml,Official vendor OS/family documentation,SNMPv2-MIB + IF-MIB baseline; ICMP; interface LLD; triggers; graphs,https://docs.fortinet.com/document/fortigate/latest/fortios-release-notes/760203/introduction-and-supported-models | https://docs.fortinet.com/document/fortigate/7.6.4/fortios-release-notes/760203/introduction-and-supported-models,Enable/configure the FortiGate SNMP agent and allow SNMP on the monitored management interface.
Fortinet,FG-200E,Fortinet FG-200E by SNMP,templates/Fortinet/Fortinet__FG-200E__zabbix_7_snmp.yaml,Official vendor OS/family documentation,SNMPv2-MIB + IF-MIB baseline; ICMP; interface LLD; triggers; graphs,https://docs.fortinet.com/document/fortigate/latest/fortios-release-notes/760203/introduction-and-supported-models | https://docs.fortinet.com/document/fortigate/7.6.4/fortios-release-notes/760203/introduction-and-supported-models,Enable/configure the FortiGate SNMP agent and allow SNMP on the monitored management interface.
Fortinet,FG-200F,Fortinet FG-200F by SNMP,templates/Fortinet/Fortinet__FG-200F__zabbix_7_snmp.yaml,Official vendor OS/family documentation,SNMPv2-MIB + IF-MIB baseline; ICMP; interface LLD; triggers; graphs,https://docs.fortinet.com/document/fortigate/latest/fortios-release-notes/760203/introduction-and-supported-models | https://docs.fortinet.com/document/fortigate/7.6.4/fortios-release-notes/760203/introduction-and-supported-models,Enable/configure the FortiGate SNMP agent and allow SNMP on the monitored management interface.
Fortinet,FG-200G,Fortinet FG-200G by SNMP,templates/Fortinet/Fortinet__FG-200G__zabbix_7_snmp.yaml,Official vendor OS/family documentation,SNMPv2-MIB + IF-MIB baseline; ICMP; interface LLD; triggers; graphs,https://docs.fortinet.com/document/fortigate/latest/fortios-release-notes/760203/introduction-and-supported-models | https://docs.fortinet.com/document/fortigate/7.6.4/fortios-release-notes/760203/introduction-and-supported-models,Enable/configure the FortiGate SNMP agent and allow SNMP on the monitored management interface.
Fortinet,FG-201E,Fortinet FG-201E by SNMP,templates/Fortinet/Fortinet__FG-201E__zabbix_7_snmp.yaml,Official vendor OS/family documentation,SNMPv2-MIB + IF-MIB baseline; ICMP; interface LLD; triggers; graphs,https://docs.fortinet.com/document/fortigate/latest/fortios-release-notes/760203/introduction-and-supported-models | https://docs.fortinet.com/document/fortigate/7.6.4/fortios-release-notes/760203/introduction-and-supported-models,Enable/configure the FortiGate SNMP agent and allow SNMP on the monitored management interface.
Fortinet,FG-201F,Fortinet FG-201F by SNMP,templates/Fortinet/Fortinet__FG-201F__zabbix_7_snmp.yaml,Official vendor OS/family documentation,SNMPv2-MIB + IF-MIB baseline; ICMP; interface LLD; triggers; graphs,https://docs.fortinet.com/document/fortigate/latest/fortios-release-notes/760203/introduction-and-supported-models | https://docs.fortinet.com/document/fortigate/7.6.4/fortios-release-notes/760203/introduction-and-supported-models,Enable/configure the FortiGate SNMP agent and allow SNMP on the monitored management interface.
Fortinet,FG-201G,Fortinet FG-201G by SNMP,templates/Fortinet/Fortinet__FG-201G__zabbix_7_snmp.yaml,Official vendor OS/family documentation,SNMPv2-MIB + IF-MIB baseline; ICMP; interface LLD; triggers; graphs,https://docs.fortinet.com/document/fortigate/latest/fortios-release-notes/760203/introduction-and-supported-models | https://docs.fortinet.com/document/fortigate/7.6.4/fortios-release-notes/760203/introduction-and-supported-models,Enable/configure the FortiGate SNMP agent and allow SNMP on the monitored management interface.
Fortinet,FG-300E,Fortinet FG-300E by SNMP,templates/Fortinet/Fortinet__FG-300E__zabbix_7_snmp.yaml,Official vendor OS/family documentation,SNMPv2-MIB + IF-MIB baseline; ICMP; interface LLD; triggers; graphs,https://docs.fortinet.com/document/fortigate/latest/fortios-release-notes/760203/introduction-and-supported-models | https://docs.fortinet.com/document/fortigate/7.6.4/fortios-release-notes/760203/introduction-and-supported-models,Enable/configure the FortiGate SNMP agent and allow SNMP on the monitored management interface.
Fortinet,FG-301E,Fortinet FG-301E by SNMP,templates/Fortinet/Fortinet__FG-301E__zabbix_7_snmp.yaml,Official vendor OS/family documentation,SNMPv2-MIB + IF-MIB baseline; ICMP; interface LLD; triggers; graphs,https://docs.fortinet.com/document/fortigate/latest/fortios-release-notes/760203/introduction-and-supported-models | https://docs.fortinet.com/document/fortigate/7.6.4/fortios-release-notes/760203/introduction-and-supported-models,Enable/configure the FortiGate SNMP agent and allow SNMP on the monitored management interface.
Fortinet,FG-400E,Fortinet FG-400E by SNMP,templates/Fortinet/Fortinet__FG-400E__zabbix_7_snmp.yaml,Official vendor OS/family documentation,SNMPv2-MIB + IF-MIB baseline; ICMP; interface LLD; triggers; graphs,https://docs.fortinet.com/document/fortigate/latest/fortios-release-notes/760203/introduction-and-supported-models | https://docs.fortinet.com/document/fortigate/7.6.4/fortios-release-notes/760203/introduction-and-supported-models,Enable/configure the FortiGate SNMP agent and allow SNMP on the monitored management interface.
Fortinet,FG-400E-BP,Fortinet FG-400E-BP by SNMP,templates/Fortinet/Fortinet__FG-400E-BP__zabbix_7_snmp.yaml,Official vendor OS/family documentation,SNMPv2-MIB + IF-MIB baseline; ICMP; interface LLD; triggers; graphs,https://docs.fortinet.com/document/fortigate/latest/fortios-release-notes/760203/introduction-and-supported-models | https://docs.fortinet.com/document/fortigate/7.6.4/fortios-release-notes/760203/introduction-and-supported-models,Enable/configure the FortiGate SNMP agent and allow SNMP on the monitored management interface.
Fortinet,FG-401E,Fortinet FG-401E by SNMP,templates/Fortinet/Fortinet__FG-401E__zabbix_7_snmp.yaml,Official vendor OS/family documentation,SNMPv2-MIB + IF-MIB baseline; ICMP; interface LLD; triggers; graphs,https://docs.fortinet.com/document/fortigate/latest/fortios-release-notes/760203/introduction-and-supported-models | https://docs.fortinet.com/document/fortigate/7.6.4/fortios-release-notes/760203/introduction-and-supported-models,Enable/configure the FortiGate SNMP agent and allow SNMP on the monitored management interface.
Fortinet,FG-400F,Fortinet FG-400F by SNMP,templates/Fortinet/Fortinet__FG-400F__zabbix_7_snmp.yaml,Official vendor OS/family documentation,SNMPv2-MIB + IF-MIB baseline; ICMP; interface LLD; triggers; graphs,https://docs.fortinet.com/document/fortigate/latest/fortios-release-notes/760203/introduction-and-supported-models | https://docs.fortinet.com/document/fortigate/7.6.4/fortios-release-notes/760203/introduction-and-supported-models,Enable/configure the FortiGate SNMP agent and allow SNMP on the monitored management interface.
Fortinet,FG-401F,Fortinet FG-401F by SNMP,templates/Fortinet/Fortinet__FG-401F__zabbix_7_snmp.yaml,Official vendor OS/family documentation,SNMPv2-MIB + IF-MIB baseline; ICMP; interface LLD; triggers; graphs,https://docs.fortinet.com/document/fortigate/latest/fortios-release-notes/760203/introduction-and-supported-models | https://docs.fortinet.com/document/fortigate/7.6.4/fortios-release-notes/760203/introduction-and-supported-models,Enable/configure the FortiGate SNMP agent and allow SNMP on the monitored management interface.
Fortinet,FG-500E,Fortinet FG-500E by SNMP,templates/Fortinet/Fortinet__FG-500E__zabbix_7_snmp.yaml,Official vendor OS/family documentation,SNMPv2-MIB + IF-MIB baseline; ICMP; interface LLD; triggers; graphs,https://docs.fortinet.com/document/fortigate/latest/fortios-release-notes/760203/introduction-and-supported-models | https://docs.fortinet.com/document/fortigate/7.6.4/fortios-release-notes/760203/introduction-and-supported-models,Enable/configure the FortiGate SNMP agent and allow SNMP on the monitored management interface.
Fortinet,FG-501E,Fortinet FG-501E by SNMP,templates/Fortinet/Fortinet__FG-501E__zabbix_7_snmp.yaml,Official vendor OS/family documentation,SNMPv2-MIB + IF-MIB baseline; ICMP; interface LLD; triggers; graphs,https://docs.fortinet.com/document/fortigate/latest/fortios-release-notes/760203/introduction-and-supported-models | https://docs.fortinet.com/document/fortigate/7.6.4/fortios-release-notes/760203/introduction-and-supported-models,Enable/configure the FortiGate SNMP agent and allow SNMP on the monitored management interface.
Fortinet,FG-600E,Fortinet FG-600E by SNMP,templates/Fortinet/Fortinet__FG-600E__zabbix_7_snmp.yaml,Official vendor OS/family documentation,SNMPv2-MIB + IF-MIB baseline; ICMP; interface LLD; triggers; graphs,https://docs.fortinet.com/document/fortigate/latest/fortios-release-notes/760203/introduction-and-supported-models | https://docs.fortinet.com/document/fortigate/7.6.4/fortios-release-notes/760203/introduction-and-supported-models,Enable/configure the FortiGate SNMP agent and allow SNMP on the monitored management interface.
Fortinet,FG-601E,Fortinet FG-601E by SNMP,templates/Fortinet/Fortinet__FG-601E__zabbix_7_snmp.yaml,Official vendor OS/family documentation,SNMPv2-MIB + IF-MIB baseline; ICMP; interface LLD; triggers; graphs,https://docs.fortinet.com/document/fortigate/latest/fortios-release-notes/760203/introduction-and-supported-models | https://docs.fortinet.com/document/fortigate/7.6.4/fortios-release-notes/760203/introduction-and-supported-models,Enable/configure the FortiGate SNMP agent and allow SNMP on the monitored management interface.
Fortinet,FG-600F,Fortinet FG-600F by SNMP,templates/Fortinet/Fortinet__FG-600F__zabbix_7_snmp.yaml,Official vendor OS/family documentation,SNMPv2-MIB + IF-MIB baseline; ICMP; interface LLD; triggers; graphs,https://docs.fortinet.com/document/fortigate/latest/fortios-release-notes/760203/introduction-and-supported-models | https://docs.fortinet.com/document/fortigate/7.6.4/fortios-release-notes/760203/introduction-and-supported-models,Enable/configure the FortiGate SNMP agent and allow SNMP on the monitored management interface.
Fortinet,FG-601F,Fortinet FG-601F by SNMP,templates/Fortinet/Fortinet__FG-601F__zabbix_7_snmp.yaml,Official vendor OS/family documentation,SNMPv2-MIB + IF-MIB baseline; ICMP; interface LLD; triggers; graphs,https://docs.fortinet.com/document/fortigate/latest/fortios-release-notes/760203/introduction-and-supported-models | https://docs.fortinet.com/document/fortigate/7.6.4/fortios-release-notes/760203/introduction-and-supported-models,Enable/configure the FortiGate SNMP agent and allow SNMP on the monitored management interface.
Fortinet,FG-700G,Fortinet FG-700G by SNMP,templates/Fortinet/Fortinet__FG-700G__zabbix_7_snmp.yaml,Official vendor OS/family documentation,SNMPv2-MIB + IF-MIB baseline; ICMP; interface LLD; triggers; graphs,https://docs.fortinet.com/document/fortigate/latest/fortios-release-notes/760203/introduction-and-supported-models | https://docs.fortinet.com/document/fortigate/7.6.4/fortios-release-notes/760203/introduction-and-supported-models,Enable/configure the FortiGate SNMP agent and allow SNMP on the monitored management interface.
Fortinet,FG-701G,Fortinet FG-701G by SNMP,templates/Fortinet/Fortinet__FG-701G__zabbix_7_snmp.yaml,Official vendor OS/family documentation,SNMPv2-MIB + IF-MIB baseline; ICMP; interface LLD; triggers; graphs,https://docs.fortinet.com/document/fortigate/latest/fortios-release-notes/760203/introduction-and-supported-models | https://docs.fortinet.com/document/fortigate/7.6.4/fortios-release-notes/760203/introduction-and-supported-models,Enable/configure the FortiGate SNMP agent and allow SNMP on the monitored management interface.
Fortinet,FG-800D,Fortinet FG-800D by SNMP,templates/Fortinet/Fortinet__FG-800D__zabbix_7_snmp.yaml,Official vendor OS/family documentation,SNMPv2-MIB + IF-MIB baseline; ICMP; interface LLD; triggers; graphs,https://docs.fortinet.com/document/fortigate/latest/fortios-release-notes/760203/introduction-and-supported-models | https://docs.fortinet.com/document/fortigate/7.6.4/fortios-release-notes/760203/introduction-and-supported-models,Enable/configure the FortiGate SNMP agent and allow SNMP on the monitored management interface.
Fortinet,FG-900D,Fortinet FG-900D by SNMP,templates/Fortinet/Fortinet__FG-900D__zabbix_7_snmp.yaml,Official vendor OS/family documentation,SNMPv2-MIB + IF-MIB baseline; ICMP; interface LLD; triggers; graphs,https://docs.fortinet.com/document/fortigate/latest/fortios-release-notes/760203/introduction-and-supported-models | https://docs.fortinet.com/document/fortigate/7.6.4/fortios-release-notes/760203/introduction-and-supported-models,Enable/configure the FortiGate SNMP agent and allow SNMP on the monitored management interface.
Fortinet,FG-900G,Fortinet FG-900G by SNMP,templates/Fortinet/Fortinet__FG-900G__zabbix_7_snmp.yaml,Official vendor OS/family documentation,SNMPv2-MIB + IF-MIB baseline; ICMP; interface LLD; triggers; graphs,https://docs.fortinet.com/document/fortigate/latest/fortios-release-notes/760203/introduction-and-supported-models | https://docs.fortinet.com/document/fortigate/7.6.4/fortios-release-notes/760203/introduction-and-supported-models,Enable/configure the FortiGate SNMP agent and allow SNMP on the monitored management interface.
Fortinet,FG-901G,Fortinet FG-901G by SNMP,templates/Fortinet/Fortinet__FG-901G__zabbix_7_snmp.yaml,Official vendor OS/family documentation,SNMPv2-MIB + IF-MIB baseline; ICMP; interface LLD; triggers; graphs,https://docs.fortinet.com/document/fortigate/latest/fortios-release-notes/760203/introduction-and-supported-models | https://docs.fortinet.com/document/fortigate/7.6.4/fortios-release-notes/760203/introduction-and-supported-models,Enable/configure the FortiGate SNMP agent and allow SNMP on the monitored management interface.
Fortinet,FG-1000D,Fortinet FG-1000D by SNMP,templates/Fortinet/Fortinet__FG-1000D__zabbix_7_snmp.yaml,Official vendor OS/family documentation,SNMPv2-MIB + IF-MIB baseline; ICMP; interface LLD; triggers; graphs,https://docs.fortinet.com/document/fortigate/latest/fortios-release-notes/760203/introduction-and-supported-models | https://docs.fortinet.com/document/fortigate/7.6.4/fortios-release-notes/760203/introduction-and-supported-models,Enable/configure the FortiGate SNMP agent and allow SNMP on the monitored management interface.
Fortinet,FG-1000F,Fortinet FG-1000F by SNMP,templates/Fortinet/Fortinet__FG-1000F__zabbix_7_snmp.yaml,Official vendor OS/family documentation,SNMPv2-MIB + IF-MIB baseline; ICMP; interface LLD; triggers; graphs,https://docs.fortinet.com/document/fortigate/latest/fortios-release-notes/760203/introduction-and-supported-models | https://docs.fortinet.com/document/fortigate/7.6.4/fortios-release-notes/760203/introduction-and-supported-models,Enable/configure the FortiGate SNMP agent and allow SNMP on the monitored management interface.
Fortinet,FG-1001F,Fortinet FG-1001F by SNMP,templates/Fortinet/Fortinet__FG-1001F__zabbix_7_snmp.yaml,Official vendor OS/family documentation,SNMPv2-MIB + IF-MIB baseline; ICMP; interface LLD; triggers; graphs,https://docs.fortinet.com/document/fortigate/latest/fortios-release-notes/760203/introduction-and-supported-models | https://docs.fortinet.com/document/fortigate/7.6.4/fortios-release-notes/760203/introduction-and-supported-models,Enable/configure the FortiGate SNMP agent and allow SNMP on the monitored management interface.
Fortinet,FG-1100E,Fortinet FG-1100E by SNMP,templates/Fortinet/Fortinet__FG-1100E__zabbix_7_snmp.yaml,Official vendor OS/family documentation,SNMPv2-MIB + IF-MIB baseline; ICMP; interface LLD; triggers; graphs,https://docs.fortinet.com/document/fortigate/latest/fortios-release-notes/760203/introduction-and-supported-models | https://docs.fortinet.com/document/fortigate/7.6.4/fortios-release-notes/760203/introduction-and-supported-models,Enable/configure the FortiGate SNMP agent and allow SNMP on the monitored management interface.
Fortinet,FG-1101E,Fortinet FG-1101E by SNMP,templates/Fortinet/Fortinet__FG-1101E__zabbix_7_snmp.yaml,Official vendor OS/family documentation,SNMPv2-MIB + IF-MIB baseline; ICMP; interface LLD; triggers; graphs,https://docs.fortinet.com/document/fortigate/latest/fortios-release-notes/760203/introduction-and-supported-models | https://docs.fortinet.com/document/fortigate/7.6.4/fortios-release-notes/760203/introduction-and-supported-models,Enable/configure the FortiGate SNMP agent and allow SNMP on the monitored management interface.
Fortinet,FG-1800F,Fortinet FG-1800F by SNMP,templates/Fortinet/Fortinet__FG-1800F__zabbix_7_snmp.yaml,Official vendor OS/family documentation,SNMPv2-MIB + IF-MIB baseline; ICMP; interface LLD; triggers; graphs,https://docs.fortinet.com/document/fortigate/latest/fortios-release-notes/760203/introduction-and-supported-models | https://docs.fortinet.com/document/fortigate/7.6.4/fortios-release-notes/760203/introduction-and-supported-models,Enable/configure the FortiGate SNMP agent and allow SNMP on the monitored management interface.
Fortinet,FG-1801F,Fortinet FG-1801F by SNMP,templates/Fortinet/Fortinet__FG-1801F__zabbix_7_snmp.yaml,Official vendor OS/family documentation,SNMPv2-MIB + IF-MIB baseline; ICMP; interface LLD; triggers; graphs,https://docs.fortinet.com/document/fortigate/latest/fortios-release-notes/760203/introduction-and-supported-models | https://docs.fortinet.com/document/fortigate/7.6.4/fortios-release-notes/760203/introduction-and-supported-models,Enable/configure the FortiGate SNMP agent and allow SNMP on the monitored management interface.
Fortinet,FG-2000E,Fortinet FG-2000E by SNMP,templates/Fortinet/Fortinet__FG-2000E__zabbix_7_snmp.yaml,Official vendor OS/family documentation,SNMPv2-MIB + IF-MIB baseline; ICMP; interface LLD; triggers; graphs,https://docs.fortinet.com/document/fortigate/latest/fortios-release-notes/760203/introduction-and-supported-models | https://docs.fortinet.com/document/fortigate/7.6.4/fortios-release-notes/760203/introduction-and-supported-models,Enable/configure the FortiGate SNMP agent and allow SNMP on the monitored management interface.
Fortinet,FG-2200E,Fortinet FG-2200E by SNMP,templates/Fortinet/Fortinet__FG-2200E__zabbix_7_snmp.yaml,Official vendor OS/family documentation,SNMPv2-MIB + IF-MIB baseline; ICMP; interface LLD; triggers; graphs,https://docs.fortinet.com/document/fortigate/latest/fortios-release-notes/760203/introduction-and-supported-models | https://docs.fortinet.com/document/fortigate/7.6.4/fortios-release-notes/760203/introduction-and-supported-models,Enable/configure the FortiGate SNMP agent and allow SNMP on the monitored management interface.
Fortinet,FG-2201E,Fortinet FG-2201E by SNMP,templates/Fortinet/Fortinet__FG-2201E__zabbix_7_snmp.yaml,Official vendor OS/family documentation,SNMPv2-MIB + IF-MIB baseline; ICMP; interface LLD; triggers; graphs,https://docs.fortinet.com/document/fortigate/latest/fortios-release-notes/760203/introduction-and-supported-models | https://docs.fortinet.com/document/fortigate/7.6.4/fortios-release-notes/760203/introduction-and-supported-models,Enable/configure the FortiGate SNMP agent and allow SNMP on the monitored management interface.
Fortinet,FG-2500E,Fortinet FG-2500E by SNMP,templates/Fortinet/Fortinet__FG-2500E__zabbix_7_snmp.yaml,Official vendor OS/family documentation,SNMPv2-MIB + IF-MIB baseline; ICMP; interface LLD; triggers; graphs,https://docs.fortinet.com/document/fortigate/latest/fortios-release-notes/760203/introduction-and-supported-models | https://docs.fortinet.com/document/fortigate/7.6.4/fortios-release-notes/760203/introduction-and-supported-models,Enable/configure the FortiGate SNMP agent and allow SNMP on the monitored management interface.
Fortinet,FG-2600F,Fortinet FG-2600F by SNMP,templates/Fortinet/Fortinet__FG-2600F__zabbix_7_snmp.yaml,Official vendor OS/family documentation,SNMPv2-MIB + IF-MIB baseline; ICMP; interface LLD; triggers; graphs,https://docs.fortinet.com/document/fortigate/latest/fortios-release-notes/760203/introduction-and-supported-models | https://docs.fortinet.com/document/fortigate/7.6.4/fortios-release-notes/760203/introduction-and-supported-models,Enable/configure the FortiGate SNMP agent and allow SNMP on the monitored management interface.
Fortinet,FG-2601F,Fortinet FG-2601F by SNMP,templates/Fortinet/Fortinet__FG-2601F__zabbix_7_snmp.yaml,Official vendor OS/family documentation,SNMPv2-MIB + IF-MIB baseline; ICMP; interface LLD; triggers; graphs,https://docs.fortinet.com/document/fortigate/latest/fortios-release-notes/760203/introduction-and-supported-models | https://docs.fortinet.com/document/fortigate/7.6.4/fortios-release-notes/760203/introduction-and-supported-models,Enable/configure the FortiGate SNMP agent and allow SNMP on the monitored management interface.
Fortinet,FG-3000F,Fortinet FG-3000F by SNMP,templates/Fortinet/Fortinet__FG-3000F__zabbix_7_snmp.yaml,Official vendor OS/family documentation,SNMPv2-MIB + IF-MIB baseline; ICMP; interface LLD; triggers; graphs,https://docs.fortinet.com/document/fortigate/latest/fortios-release-notes/760203/introduction-and-supported-models | https://docs.fortinet.com/document/fortigate/7.6.4/fortios-release-notes/760203/introduction-and-supported-models,Enable/configure the FortiGate SNMP agent and allow SNMP on the monitored management interface.
Fortinet,FG-3001F,Fortinet FG-3001F by SNMP,templates/Fortinet/Fortinet__FG-3001F__zabbix_7_snmp.yaml,Official vendor OS/family documentation,SNMPv2-MIB + IF-MIB baseline; ICMP; interface LLD; triggers; graphs,https://docs.fortinet.com/document/fortigate/latest/fortios-release-notes/760203/introduction-and-supported-models | https://docs.fortinet.com/document/fortigate/7.6.4/fortios-release-notes/760203/introduction-and-supported-models,Enable/configure the FortiGate SNMP agent and allow SNMP on the monitored management interface.
Fortinet,FG-3200F,Fortinet FG-3200F by SNMP,templates/Fortinet/Fortinet__FG-3200F__zabbix_7_snmp.yaml,Official vendor OS/family documentation,SNMPv2-MIB + IF-MIB baseline; ICMP; interface LLD; triggers; graphs,https://docs.fortinet.com/document/fortigate/latest/fortios-release-notes/760203/introduction-and-supported-models | https://docs.fortinet.com/document/fortigate/7.6.4/fortios-release-notes/760203/introduction-and-supported-models,Enable/configure the FortiGate SNMP agent and allow SNMP on the monitored management interface.
Fortinet,FG-3201F,Fortinet FG-3201F by SNMP,templates/Fortinet/Fortinet__FG-3201F__zabbix_7_snmp.yaml,Official vendor OS/family documentation,SNMPv2-MIB + IF-MIB baseline; ICMP; interface LLD; triggers; graphs,https://docs.fortinet.com/document/fortigate/latest/fortios-release-notes/760203/introduction-and-supported-models | https://docs.fortinet.com/document/fortigate/7.6.4/fortios-release-notes/760203/introduction-and-supported-models,Enable/configure the FortiGate SNMP agent and allow SNMP on the monitored management interface.
Fortinet,FG-3300E,Fortinet FG-3300E by SNMP,templates/Fortinet/Fortinet__FG-3300E__zabbix_7_snmp.yaml,Official vendor OS/family documentation,SNMPv2-MIB + IF-MIB baseline; ICMP; interface LLD; triggers; graphs,https://docs.fortinet.com/document/fortigate/latest/fortios-release-notes/760203/introduction-and-supported-models | https://docs.fortinet.com/document/fortigate/7.6.4/fortios-release-notes/760203/introduction-and-supported-models,Enable/configure the FortiGate SNMP agent and allow SNMP on the monitored management interface.
Fortinet,FG-3301E,Fortinet FG-3301E by SNMP,templates/Fortinet/Fortinet__FG-3301E__zabbix_7_snmp.yaml,Official vendor OS/family documentation,SNMPv2-MIB + IF-MIB baseline; ICMP; interface LLD; triggers; graphs,https://docs.fortinet.com/document/fortigate/latest/fortios-release-notes/760203/introduction-and-supported-models | https://docs.fortinet.com/document/fortigate/7.6.4/fortios-release-notes/760203/introduction-and-supported-models,Enable/configure the FortiGate SNMP agent and allow SNMP on the monitored management interface.
Fortinet,FG-3400E,Fortinet FG-3400E by SNMP,templates/Fortinet/Fortinet__FG-3400E__zabbix_7_snmp.yaml,Official vendor OS/family documentation,SNMPv2-MIB + IF-MIB baseline; ICMP; interface LLD; triggers; graphs,https://docs.fortinet.com/document/fortigate/latest/fortios-release-notes/760203/introduction-and-supported-models | https://docs.fortinet.com/document/fortigate/7.6.4/fortios-release-notes/760203/introduction-and-supported-models,Enable/configure the FortiGate SNMP agent and allow SNMP on the monitored management interface.
Fortinet,FG-3401E,Fortinet FG-3401E by SNMP,templates/Fortinet/Fortinet__FG-3401E__zabbix_7_snmp.yaml,Official vendor OS/family documentation,SNMPv2-MIB + IF-MIB baseline; ICMP; interface LLD; triggers; graphs,https://docs.fortinet.com/document/fortigate/latest/fortios-release-notes/760203/introduction-and-supported-models | https://docs.fortinet.com/document/fortigate/7.6.4/fortios-release-notes/760203/introduction-and-supported-models,Enable/configure the FortiGate SNMP agent and allow SNMP on the monitored management interface.
Fortinet,FG-3500F,Fortinet FG-3500F by SNMP,templates/Fortinet/Fortinet__FG-3500F__zabbix_7_snmp.yaml,Official vendor OS/family documentation,SNMPv2-MIB + IF-MIB baseline; ICMP; interface LLD; triggers; graphs,https://docs.fortinet.com/document/fortigate/latest/fortios-release-notes/760203/introduction-and-supported-models | https://docs.fortinet.com/document/fortigate/7.6.4/fortios-release-notes/760203/introduction-and-supported-models,Enable/configure the FortiGate SNMP agent and allow SNMP on the monitored management interface.
Fortinet,FG-3501F,Fortinet FG-3501F by SNMP,templates/Fortinet/Fortinet__FG-3501F__zabbix_7_snmp.yaml,Official vendor OS/family documentation,SNMPv2-MIB + IF-MIB baseline; ICMP; interface LLD; triggers; graphs,https://docs.fortinet.com/document/fortigate/latest/fortios-release-notes/760203/introduction-and-supported-models | https://docs.fortinet.com/document/fortigate/7.6.4/fortios-release-notes/760203/introduction-and-supported-models,Enable/configure the FortiGate SNMP agent and allow SNMP on the monitored management interface.
Fortinet,FG-3600E,Fortinet FG-3600E by SNMP,templates/Fortinet/Fortinet__FG-3600E__zabbix_7_snmp.yaml,Official vendor OS/family documentation,SNMPv2-MIB + IF-MIB baseline; ICMP; interface LLD; triggers; graphs,https://docs.fortinet.com/document/fortigate/latest/fortios-release-notes/760203/introduction-and-supported-models | https://docs.fortinet.com/document/fortigate/7.6.4/fortios-release-notes/760203/introduction-and-supported-models,Enable/configure the FortiGate SNMP agent and allow SNMP on the monitored management interface.
Fortinet,FG-3601E,Fortinet FG-3601E by SNMP,templates/Fortinet/Fortinet__FG-3601E__zabbix_7_snmp.yaml,Official vendor OS/family documentation,SNMPv2-MIB + IF-MIB baseline; ICMP; interface LLD; triggers; graphs,https://docs.fortinet.com/document/fortigate/latest/fortios-release-notes/760203/introduction-and-supported-models | https://docs.fortinet.com/document/fortigate/7.6.4/fortios-release-notes/760203/introduction-and-supported-models,Enable/configure the FortiGate SNMP agent and allow SNMP on the monitored management interface.
Fortinet,FG-3700F,Fortinet FG-3700F by SNMP,templates/Fortinet/Fortinet__FG-3700F__zabbix_7_snmp.yaml,Official vendor OS/family documentation,SNMPv2-MIB + IF-MIB baseline; ICMP; interface LLD; triggers; graphs,https://docs.fortinet.com/document/fortigate/latest/fortios-release-notes/760203/introduction-and-supported-models | https://docs.fortinet.com/document/fortigate/7.6.4/fortios-release-notes/760203/introduction-and-supported-models,Enable/configure the FortiGate SNMP agent and allow SNMP on the monitored management interface.
Fortinet,FG-3701F,Fortinet FG-3701F by SNMP,templates/Fortinet/Fortinet__FG-3701F__zabbix_7_snmp.yaml,Official vendor OS/family documentation,SNMPv2-MIB + IF-MIB baseline; ICMP; interface LLD; triggers; graphs,https://docs.fortinet.com/document/fortigate/latest/fortios-release-notes/760203/introduction-and-supported-models | https://docs.fortinet.com/document/fortigate/7.6.4/fortios-release-notes/760203/introduction-and-supported-models,Enable/configure the FortiGate SNMP agent and allow SNMP on the monitored management interface.
Fortinet,FG-3960E,Fortinet FG-3960E by SNMP,templates/Fortinet/Fortinet__FG-3960E__zabbix_7_snmp.yaml,Official vendor OS/family documentation,SNMPv2-MIB + IF-MIB baseline; ICMP; interface LLD; triggers; graphs,https://docs.fortinet.com/document/fortigate/latest/fortios-release-notes/760203/introduction-and-supported-models | https://docs.fortinet.com/document/fortigate/7.6.4/fortios-release-notes/760203/introduction-and-supported-models,Enable/configure the FortiGate SNMP agent and allow SNMP on the monitored management interface.
Fortinet,FG-3980E,Fortinet FG-3980E by SNMP,templates/Fortinet/Fortinet__FG-3980E__zabbix_7_snmp.yaml,Official vendor OS/family documentation,SNMPv2-MIB + IF-MIB baseline; ICMP; interface LLD; triggers; graphs,https://docs.fortinet.com/document/fortigate/latest/fortios-release-notes/760203/introduction-and-supported-models | https://docs.fortinet.com/document/fortigate/7.6.4/fortios-release-notes/760203/introduction-and-supported-models,Enable/configure the FortiGate SNMP agent and allow SNMP on the monitored management interface.
Fortinet,FG-4200F,Fortinet FG-4200F by SNMP,templates/Fortinet/Fortinet__FG-4200F__zabbix_7_snmp.yaml,Official vendor OS/family documentation,SNMPv2-MIB + IF-MIB baseline; ICMP; interface LLD; triggers; graphs,https://docs.fortinet.com/document/fortigate/latest/fortios-release-notes/760203/introduction-and-supported-models | https://docs.fortinet.com/document/fortigate/7.6.4/fortios-release-notes/760203/introduction-and-supported-models,Enable/configure the FortiGate SNMP agent and allow SNMP on the monitored management interface.
Fortinet,FG-4201F,Fortinet FG-4201F by SNMP,templates/Fortinet/Fortinet__FG-4201F__zabbix_7_snmp.yaml,Official vendor OS/family documentation,SNMPv2-MIB + IF-MIB baseline; ICMP; interface LLD; triggers; graphs,https://docs.fortinet.com/document/fortigate/latest/fortios-release-notes/760203/introduction-and-supported-models | https://docs.fortinet.com/document/fortigate/7.6.4/fortios-release-notes/760203/introduction-and-supported-models,Enable/configure the FortiGate SNMP agent and allow SNMP on the monitored management interface.
Fortinet,FG-4400F,Fortinet FG-4400F by SNMP,templates/Fortinet/Fortinet__FG-4400F__zabbix_7_snmp.yaml,Official vendor OS/family documentation,SNMPv2-MIB + IF-MIB baseline; ICMP; interface LLD; triggers; graphs,https://docs.fortinet.com/document/fortigate/latest/fortios-release-notes/760203/introduction-and-supported-models | https://docs.fortinet.com/document/fortigate/7.6.4/fortios-release-notes/760203/introduction-and-supported-models,Enable/configure the FortiGate SNMP agent and allow SNMP on the monitored management interface.
Fortinet,FG-4401F,Fortinet FG-4401F by SNMP,templates/Fortinet/Fortinet__FG-4401F__zabbix_7_snmp.yaml,Official vendor OS/family documentation,SNMPv2-MIB + IF-MIB baseline; ICMP; interface LLD; triggers; graphs,https://docs.fortinet.com/document/fortigate/latest/fortios-release-notes/760203/introduction-and-supported-models | https://docs.fortinet.com/document/fortigate/7.6.4/fortios-release-notes/760203/introduction-and-supported-models,Enable/configure the FortiGate SNMP agent and allow SNMP on the monitored management interface.
Fortinet,FG-4800F,Fortinet FG-4800F by SNMP,templates/Fortinet/Fortinet__FG-4800F__zabbix_7_snmp.yaml,Official vendor OS/family documentation,SNMPv2-MIB + IF-MIB baseline; ICMP; interface LLD; triggers; graphs,https://docs.fortinet.com/document/fortigate/latest/fortios-release-notes/760203/introduction-and-supported-models | https://docs.fortinet.com/document/fortigate/7.6.4/fortios-release-notes/760203/introduction-and-supported-models,Enable/configure the FortiGate SNMP agent and allow SNMP on the monitored management interface.
Fortinet,FG-4801F,Fortinet FG-4801F by SNMP,templates/Fortinet/Fortinet__FG-4801F__zabbix_7_snmp.yaml,Official vendor OS/family documentation,SNMPv2-MIB + IF-MIB baseline; ICMP; interface LLD; triggers; graphs,https://docs.fortinet.com/document/fortigate/latest/fortios-release-notes/760203/introduction-and-supported-models | https://docs.fortinet.com/document/fortigate/7.6.4/fortios-release-notes/760203/introduction-and-supported-models,Enable/configure the FortiGate SNMP agent and allow SNMP on the monitored management interface.
Fortinet,FG-6001F,Fortinet FG-6001F by SNMP,templates/Fortinet/Fortinet__FG-6001F__zabbix_7_snmp.yaml,Official vendor OS/family documentation,SNMPv2-MIB + IF-MIB baseline; ICMP; interface LLD; triggers; graphs,https://docs.fortinet.com/document/fortigate/latest/fortios-release-notes/760203/introduction-and-supported-models | https://docs.fortinet.com/document/fortigate/7.6.4/fortios-release-notes/760203/introduction-and-supported-models,Enable/configure the FortiGate SNMP agent and allow SNMP on the monitored management interface.
Fortinet,FG-6300F,Fortinet FG-6300F by SNMP,templates/Fortinet/Fortinet__FG-6300F__zabbix_7_snmp.yaml,Official vendor OS/family documentation,SNMPv2-MIB + IF-MIB baseline; ICMP; interface LLD; triggers; graphs,https://docs.fortinet.com/document/fortigate/latest/fortios-release-notes/760203/introduction-and-supported-models | https://docs.fortinet.com/document/fortigate/7.6.4/fortios-release-notes/760203/introduction-and-supported-models,Enable/configure the FortiGate SNMP agent and allow SNMP on the monitored management interface.
Fortinet,FG-6301F,Fortinet FG-6301F by SNMP,templates/Fortinet/Fortinet__FG-6301F__zabbix_7_snmp.yaml,Official vendor OS/family documentation,SNMPv2-MIB + IF-MIB baseline; ICMP; interface LLD; triggers; graphs,https://docs.fortinet.com/document/fortigate/latest/fortios-release-notes/760203/introduction-and-supported-models | https://docs.fortinet.com/document/fortigate/7.6.4/fortios-release-notes/760203/introduction-and-supported-models,Enable/configure the FortiGate SNMP agent and allow SNMP on the monitored management interface.
Fortinet,FG-6500F,Fortinet FG-6500F by SNMP,templates/Fortinet/Fortinet__FG-6500F__zabbix_7_snmp.yaml,Official vendor OS/family documentation,SNMPv2-MIB + IF-MIB baseline; ICMP; interface LLD; triggers; graphs,https://docs.fortinet.com/document/fortigate/latest/fortios-release-notes/760203/introduction-and-supported-models | https://docs.fortinet.com/document/fortigate/7.6.4/fortios-release-notes/760203/introduction-and-supported-models,Enable/configure the FortiGate SNMP agent and allow SNMP on the monitored management interface.
Fortinet,FG-6501F,Fortinet FG-6501F by SNMP,templates/Fortinet/Fortinet__FG-6501F__zabbix_7_snmp.yaml,Official vendor OS/family documentation,SNMPv2-MIB + IF-MIB baseline; ICMP; interface LLD; triggers; graphs,https://docs.fortinet.com/document/fortigate/latest/fortios-release-notes/760203/introduction-and-supported-models | https://docs.fortinet.com/document/fortigate/7.6.4/fortios-release-notes/760203/introduction-and-supported-models,Enable/configure the FortiGate SNMP agent and allow SNMP on the monitored management interface.
Fortinet,FG-7030E,Fortinet FG-7030E by SNMP,templates/Fortinet/Fortinet__FG-7030E__zabbix_7_snmp.yaml,Official vendor OS/family documentation,SNMPv2-MIB + IF-MIB baseline; ICMP; interface LLD; triggers; graphs,https://docs.fortinet.com/document/fortigate/latest/fortios-release-notes/760203/introduction-and-supported-models | https://docs.fortinet.com/document/fortigate/7.6.4/fortios-release-notes/760203/introduction-and-supported-models,Enable/configure the FortiGate SNMP agent and allow SNMP on the monitored management interface.
Fortinet,FG-7040E,Fortinet FG-7040E by SNMP,templates/Fortinet/Fortinet__FG-7040E__zabbix_7_snmp.yaml,Official vendor OS/family documentation,SNMPv2-MIB + IF-MIB baseline; ICMP; interface LLD; triggers; graphs,https://docs.fortinet.com/document/fortigate/latest/fortios-release-notes/760203/introduction-and-supported-models | https://docs.fortinet.com/document/fortigate/7.6.4/fortios-release-notes/760203/introduction-and-supported-models,Enable/configure the FortiGate SNMP agent and allow SNMP on the monitored management interface.
Fortinet,FG-7060E,Fortinet FG-7060E by SNMP,templates/Fortinet/Fortinet__FG-7060E__zabbix_7_snmp.yaml,Official vendor OS/family documentation,SNMPv2-MIB + IF-MIB baseline; ICMP; interface LLD; triggers; graphs,https://docs.fortinet.com/document/fortigate/latest/fortios-release-notes/760203/introduction-and-supported-models | https://docs.fortinet.com/document/fortigate/7.6.4/fortios-release-notes/760203/introduction-and-supported-models,Enable/configure the FortiGate SNMP agent and allow SNMP on the monitored management interface.
Fortinet,FG-7081F,Fortinet FG-7081F by SNMP,templates/Fortinet/Fortinet__FG-7081F__zabbix_7_snmp.yaml,Official vendor OS/family documentation,SNMPv2-MIB + IF-MIB baseline; ICMP; interface LLD; triggers; graphs,https://docs.fortinet.com/document/fortigate/latest/fortios-release-notes/760203/introduction-and-supported-models | https://docs.fortinet.com/document/fortigate/7.6.4/fortios-release-notes/760203/introduction-and-supported-models,Enable/configure the FortiGate SNMP agent and allow SNMP on the monitored management interface.
Fortinet,FG-7121F,Fortinet FG-7121F by SNMP,templates/Fortinet/Fortinet__FG-7121F__zabbix_7_snmp.yaml,Official vendor OS/family documentation,SNMPv2-MIB + IF-MIB baseline; ICMP; interface LLD; triggers; graphs,https://docs.fortinet.com/document/fortigate/latest/fortios-release-notes/760203/introduction-and-supported-models | https://docs.fortinet.com/document/fortigate/7.6.4/fortios-release-notes/760203/introduction-and-supported-models,Enable/configure the FortiGate SNMP agent and allow SNMP on the monitored management interface.
Fortinet,FWF-40F,Fortinet FWF-40F by SNMP,templates/Fortinet/Fortinet__FWF-40F__zabbix_7_snmp.yaml,Official vendor OS/family documentation,SNMPv2-MIB + IF-MIB baseline; ICMP; interface LLD; triggers; graphs,https://docs.fortinet.com/document/fortigate/latest/fortios-release-notes/760203/introduction-and-supported-models | https://docs.fortinet.com/document/fortigate/7.6.4/fortios-release-notes/760203/introduction-and-supported-models,Enable/configure the FortiGate SNMP agent and allow SNMP on the monitored management interface.
Fortinet,FWF-40F-3G4G,Fortinet FWF-40F-3G4G by SNMP,templates/Fortinet/Fortinet__FWF-40F-3G4G__zabbix_7_snmp.yaml,Official vendor OS/family documentation,SNMPv2-MIB + IF-MIB baseline; ICMP; interface LLD; triggers; graphs,https://docs.fortinet.com/document/fortigate/latest/fortios-release-notes/760203/introduction-and-supported-models | https://docs.fortinet.com/document/fortigate/7.6.4/fortios-release-notes/760203/introduction-and-supported-models,Enable/configure the FortiGate SNMP agent and allow SNMP on the monitored management interface.
Fortinet,FWF-50G,Fortinet FWF-50G by SNMP,templates/Fortinet/Fortinet__FWF-50G__zabbix_7_snmp.yaml,Official vendor OS/family documentation,SNMPv2-MIB + IF-MIB baseline; ICMP; interface LLD; triggers; graphs,https://docs.fortinet.com/document/fortigate/latest/fortios-release-notes/760203/introduction-and-supported-models | https://docs.fortinet.com/document/fortigate/7.6.4/fortios-release-notes/760203/introduction-and-supported-models,Enable/configure the FortiGate SNMP agent and allow SNMP on the monitored management interface.
Fortinet,FWF-50G-5G,Fortinet FWF-50G-5G by SNMP,templates/Fortinet/Fortinet__FWF-50G-5G__zabbix_7_snmp.yaml,Official vendor OS/family documentation,SNMPv2-MIB + IF-MIB baseline; ICMP; interface LLD; triggers; graphs,https://docs.fortinet.com/document/fortigate/latest/fortios-release-notes/760203/introduction-and-supported-models | https://docs.fortinet.com/document/fortigate/7.6.4/fortios-release-notes/760203/introduction-and-supported-models,Enable/configure the FortiGate SNMP agent and allow SNMP on the monitored management interface.
Fortinet,FWF-50G-SFP,Fortinet FWF-50G-SFP by SNMP,templates/Fortinet/Fortinet__FWF-50G-SFP__zabbix_7_snmp.yaml,Official vendor OS/family documentation,SNMPv2-MIB + IF-MIB baseline; ICMP; interface LLD; triggers; graphs,https://docs.fortinet.com/document/fortigate/latest/fortios-release-notes/760203/introduction-and-supported-models | https://docs.fortinet.com/document/fortigate/7.6.4/fortios-release-notes/760203/introduction-and-supported-models,Enable/configure the FortiGate SNMP agent and allow SNMP on the monitored management interface.
Fortinet,FWF-50G-DSL,Fortinet FWF-50G-DSL by SNMP,templates/Fortinet/Fortinet__FWF-50G-DSL__zabbix_7_snmp.yaml,Official vendor OS/family documentation,SNMPv2-MIB + IF-MIB baseline; ICMP; interface LLD; triggers; graphs,https://docs.fortinet.com/document/fortigate/latest/fortios-release-notes/760203/introduction-and-supported-models | https://docs.fortinet.com/document/fortigate/7.6.4/fortios-release-notes/760203/introduction-and-supported-models,Enable/configure the FortiGate SNMP agent and allow SNMP on the monitored management interface.
Fortinet,FWF-51G,Fortinet FWF-51G by SNMP,templates/Fortinet/Fortinet__FWF-51G__zabbix_7_snmp.yaml,Official vendor OS/family documentation,SNMPv2-MIB + IF-MIB baseline; ICMP; interface LLD; triggers; graphs,https://docs.fortinet.com/document/fortigate/latest/fortios-release-notes/760203/introduction-and-supported-models | https://docs.fortinet.com/document/fortigate/7.6.4/fortios-release-notes/760203/introduction-and-supported-models,Enable/configure the FortiGate SNMP agent and allow SNMP on the monitored management interface.
Fortinet,FWF-60F,Fortinet FWF-60F by SNMP,templates/Fortinet/Fortinet__FWF-60F__zabbix_7_snmp.yaml,Official vendor OS/family documentation,SNMPv2-MIB + IF-MIB baseline; ICMP; interface LLD; triggers; graphs,https://docs.fortinet.com/document/fortigate/latest/fortios-release-notes/760203/introduction-and-supported-models | https://docs.fortinet.com/document/fortigate/7.6.4/fortios-release-notes/760203/introduction-and-supported-models,Enable/configure the FortiGate SNMP agent and allow SNMP on the monitored management interface.
Fortinet,FWF-61F,Fortinet FWF-61F by SNMP,templates/Fortinet/Fortinet__FWF-61F__zabbix_7_snmp.yaml,Official vendor OS/family documentation,SNMPv2-MIB + IF-MIB baseline; ICMP; interface LLD; triggers; graphs,https://docs.fortinet.com/document/fortigate/latest/fortios-release-notes/760203/introduction-and-supported-models | https://docs.fortinet.com/document/fortigate/7.6.4/fortios-release-notes/760203/introduction-and-supported-models,Enable/configure the FortiGate SNMP agent and allow SNMP on the monitored management interface.
Fortinet,FWF-70G,Fortinet FWF-70G by SNMP,templates/Fortinet/Fortinet__FWF-70G__zabbix_7_snmp.yaml,Official vendor OS/family documentation,SNMPv2-MIB + IF-MIB baseline; ICMP; interface LLD; triggers; graphs,https://docs.fortinet.com/document/fortigate/latest/fortios-release-notes/760203/introduction-and-supported-models | https://docs.fortinet.com/document/fortigate/7.6.4/fortios-release-notes/760203/introduction-and-supported-models,Enable/configure the FortiGate SNMP agent and allow SNMP on the monitored management interface.
Fortinet,FWF-70G-POE,Fortinet FWF-70G-POE by SNMP,templates/Fortinet/Fortinet__FWF-70G-POE__zabbix_7_snmp.yaml,Official vendor OS/family documentation,SNMPv2-MIB + IF-MIB baseline; ICMP; interface LLD; triggers; graphs,https://docs.fortinet.com/document/fortigate/latest/fortios-release-notes/760203/introduction-and-supported-models | https://docs.fortinet.com/document/fortigate/7.6.4/fortios-release-notes/760203/introduction-and-supported-models,Enable/configure the FortiGate SNMP agent and allow SNMP on the monitored management interface.
Fortinet,FWF-71G,Fortinet FWF-71G by SNMP,templates/Fortinet/Fortinet__FWF-71G__zabbix_7_snmp.yaml,Official vendor OS/family documentation,SNMPv2-MIB + IF-MIB baseline; ICMP; interface LLD; triggers; graphs,https://docs.fortinet.com/document/fortigate/latest/fortios-release-notes/760203/introduction-and-supported-models | https://docs.fortinet.com/document/fortigate/7.6.4/fortios-release-notes/760203/introduction-and-supported-models,Enable/configure the FortiGate SNMP agent and allow SNMP on the monitored management interface.
Fortinet,FWF-80F-2R,Fortinet FWF-80F-2R by SNMP,templates/Fortinet/Fortinet__FWF-80F-2R__zabbix_7_snmp.yaml,Official vendor OS/family documentation,SNMPv2-MIB + IF-MIB baseline; ICMP; interface LLD; triggers; graphs,https://docs.fortinet.com/document/fortigate/latest/fortios-release-notes/760203/introduction-and-supported-models | https://docs.fortinet.com/document/fortigate/7.6.4/fortios-release-notes/760203/introduction-and-supported-models,Enable/configure the FortiGate SNMP agent and allow SNMP on the monitored management interface.
Fortinet,FWF-80F-2R-3G4G-DSL,Fortinet FWF-80F-2R-3G4G-DSL by SNMP,templates/Fortinet/Fortinet__FWF-80F-2R-3G4G-DSL__zabbix_7_snmp.yaml,Official vendor OS/family documentation,SNMPv2-MIB + IF-MIB baseline; ICMP; interface LLD; triggers; graphs,https://docs.fortinet.com/document/fortigate/latest/fortios-release-notes/760203/introduction-and-supported-models | https://docs.fortinet.com/document/fortigate/7.6.4/fortios-release-notes/760203/introduction-and-supported-models,Enable/configure the FortiGate SNMP agent and allow SNMP on the monitored management interface.
Fortinet,FWF-81F-2R,Fortinet FWF-81F-2R by SNMP,templates/Fortinet/Fortinet__FWF-81F-2R__zabbix_7_snmp.yaml,Official vendor OS/family documentation,SNMPv2-MIB + IF-MIB baseline; ICMP; interface LLD; triggers; graphs,https://docs.fortinet.com/document/fortigate/latest/fortios-release-notes/760203/introduction-and-supported-models | https://docs.fortinet.com/document/fortigate/7.6.4/fortios-release-notes/760203/introduction-and-supported-models,Enable/configure the FortiGate SNMP agent and allow SNMP on the monitored management interface.
Fortinet,FWF-81F-2R-3G4G-DSL,Fortinet FWF-81F-2R-3G4G-DSL by SNMP,templates/Fortinet/Fortinet__FWF-81F-2R-3G4G-DSL__zabbix_7_snmp.yaml,Official vendor OS/family documentation,SNMPv2-MIB + IF-MIB baseline; ICMP; interface LLD; triggers; graphs,https://docs.fortinet.com/document/fortigate/latest/fortios-release-notes/760203/introduction-and-supported-models | https://docs.fortinet.com/document/fortigate/7.6.4/fortios-release-notes/760203/introduction-and-supported-models,Enable/configure the FortiGate SNMP agent and allow SNMP on the monitored management interface.
Fortinet,FWF-81F-2R-POE,Fortinet FWF-81F-2R-POE by SNMP,templates/Fortinet/Fortinet__FWF-81F-2R-POE__zabbix_7_snmp.yaml,Official vendor OS/family documentation,SNMPv2-MIB + IF-MIB baseline; ICMP; interface LLD; triggers; graphs,https://docs.fortinet.com/document/fortigate/latest/fortios-release-notes/760203/introduction-and-supported-models | https://docs.fortinet.com/document/fortigate/7.6.4/fortios-release-notes/760203/introduction-and-supported-models,Enable/configure the FortiGate SNMP agent and allow SNMP on the monitored management interface.
Fortinet,FWF-81F-2R-3G4G-POE,Fortinet FWF-81F-2R-3G4G-POE by SNMP,templates/Fortinet/Fortinet__FWF-81F-2R-3G4G-POE__zabbix_7_snmp.yaml,Official vendor OS/family documentation,SNMPv2-MIB + IF-MIB baseline; ICMP; interface LLD; triggers; graphs,https://docs.fortinet.com/document/fortigate/latest/fortios-release-notes/760203/introduction-and-supported-models | https://docs.fortinet.com/document/fortigate/7.6.4/fortios-release-notes/760203/introduction-and-supported-models,Enable/configure the FortiGate SNMP agent and allow SNMP on the monitored management interface.
Fortinet,FGR-50G-5G,Fortinet FGR-50G-5G by SNMP,templates/Fortinet/Fortinet__FGR-50G-5G__zabbix_7_snmp.yaml,Official vendor OS/family documentation,SNMPv2-MIB + IF-MIB baseline; ICMP; interface LLD; triggers; graphs,https://docs.fortinet.com/document/fortigate/latest/fortios-release-notes/760203/introduction-and-supported-models | https://docs.fortinet.com/document/fortigate/7.6.4/fortios-release-notes/760203/introduction-and-supported-models,Enable/configure the FortiGate SNMP agent and allow SNMP on the monitored management interface.
Fortinet,FGR-60F,Fortinet FGR-60F by SNMP,templates/Fortinet/Fortinet__FGR-60F__zabbix_7_snmp.yaml,Official vendor OS/family documentation,SNMPv2-MIB + IF-MIB baseline; ICMP; interface LLD; triggers; graphs,https://docs.fortinet.com/document/fortigate/latest/fortios-release-notes/760203/introduction-and-supported-models | https://docs.fortinet.com/document/fortigate/7.6.4/fortios-release-notes/760203/introduction-and-supported-models,Enable/configure the FortiGate SNMP agent and allow SNMP on the monitored management interface.
Fortinet,FGR-60F-3G4G,Fortinet FGR-60F-3G4G by SNMP,templates/Fortinet/Fortinet__FGR-60F-3G4G__zabbix_7_snmp.yaml,Official vendor OS/family documentation,SNMPv2-MIB + IF-MIB baseline; ICMP; interface LLD; triggers; graphs,https://docs.fortinet.com/document/fortigate/latest/fortios-release-notes/760203/introduction-and-supported-models | https://docs.fortinet.com/document/fortigate/7.6.4/fortios-release-notes/760203/introduction-and-supported-models,Enable/configure the FortiGate SNMP agent and allow SNMP on the monitored management interface.
Fortinet,FGR-70F,Fortinet FGR-70F by SNMP,templates/Fortinet/Fortinet__FGR-70F__zabbix_7_snmp.yaml,Official vendor OS/family documentation,SNMPv2-MIB + IF-MIB baseline; ICMP; interface LLD; triggers; graphs,https://docs.fortinet.com/document/fortigate/latest/fortios-release-notes/760203/introduction-and-supported-models | https://docs.fortinet.com/document/fortigate/7.6.4/fortios-release-notes/760203/introduction-and-supported-models,Enable/configure the FortiGate SNMP agent and allow SNMP on the monitored management interface.
Fortinet,FGR-70G,Fortinet FGR-70G by SNMP,templates/Fortinet/Fortinet__FGR-70G__zabbix_7_snmp.yaml,Official vendor OS/family documentation,SNMPv2-MIB + IF-MIB baseline; ICMP; interface LLD; triggers; graphs,https://docs.fortinet.com/document/fortigate/latest/fortios-release-notes/760203/introduction-and-supported-models | https://docs.fortinet.com/document/fortigate/7.6.4/fortios-release-notes/760203/introduction-and-supported-models,Enable/configure the FortiGate SNMP agent and allow SNMP on the monitored management interface.
Fortinet,FGR-70G-5G-Dual,Fortinet FGR-70G-5G-Dual by SNMP,templates/Fortinet/Fortinet__FGR-70G-5G-Dual__zabbix_7_snmp.yaml,Official vendor OS/family documentation,SNMPv2-MIB + IF-MIB baseline; ICMP; interface LLD; triggers; graphs,https://docs.fortinet.com/document/fortigate/latest/fortios-release-notes/760203/introduction-and-supported-models | https://docs.fortinet.com/document/fortigate/7.6.4/fortios-release-notes/760203/introduction-and-supported-models,Enable/configure the FortiGate SNMP agent and allow SNMP on the monitored management interface.
Fortinet,FGR-70F-3G4G,Fortinet FGR-70F-3G4G by SNMP,templates/Fortinet/Fortinet__FGR-70F-3G4G__zabbix_7_snmp.yaml,Official vendor OS/family documentation,SNMPv2-MIB + IF-MIB baseline; ICMP; interface LLD; triggers; graphs,https://docs.fortinet.com/document/fortigate/latest/fortios-release-notes/760203/introduction-and-supported-models | https://docs.fortinet.com/document/fortigate/7.6.4/fortios-release-notes/760203/introduction-and-supported-models,Enable/configure the FortiGate SNMP agent and allow SNMP on the monitored management interface.
Fortinet,FFW-1801F,Fortinet FFW-1801F by SNMP,templates/Fortinet/Fortinet__FFW-1801F__zabbix_7_snmp.yaml,Official vendor OS/family documentation,SNMPv2-MIB + IF-MIB baseline; ICMP; interface LLD; triggers; graphs,https://docs.fortinet.com/document/fortigate/latest/fortios-release-notes/760203/introduction-and-supported-models | https://docs.fortinet.com/document/fortigate/7.6.4/fortios-release-notes/760203/introduction-and-supported-models,Enable/configure the FortiGate SNMP agent and allow SNMP on the monitored management interface.
Fortinet,FFW-2600F,Fortinet FFW-2600F by SNMP,templates/Fortinet/Fortinet__FFW-2600F__zabbix_7_snmp.yaml,Official vendor OS/family documentation,SNMPv2-MIB + IF-MIB baseline; ICMP; interface LLD; triggers; graphs,https://docs.fortinet.com/document/fortigate/latest/fortios-release-notes/760203/introduction-and-supported-models | https://docs.fortinet.com/document/fortigate/7.6.4/fortios-release-notes/760203/introduction-and-supported-models,Enable/configure the FortiGate SNMP agent and allow SNMP on the monitored management interface.
Fortinet,FFW-3001F,Fortinet FFW-3001F by SNMP,templates/Fortinet/Fortinet__FFW-3001F__zabbix_7_snmp.yaml,Official vendor OS/family documentation,SNMPv2-MIB + IF-MIB baseline; ICMP; interface LLD; triggers; graphs,https://docs.fortinet.com/document/fortigate/latest/fortios-release-notes/760203/introduction-and-supported-models | https://docs.fortinet.com/document/fortigate/7.6.4/fortios-release-notes/760203/introduction-and-supported-models,Enable/configure the FortiGate SNMP agent and allow SNMP on the monitored management interface.
Fortinet,FFW-3501F,Fortinet FFW-3501F by SNMP,templates/Fortinet/Fortinet__FFW-3501F__zabbix_7_snmp.yaml,Official vendor OS/family documentation,SNMPv2-MIB + IF-MIB baseline; ICMP; interface LLD; triggers; graphs,https://docs.fortinet.com/document/fortigate/latest/fortios-release-notes/760203/introduction-and-supported-models | https://docs.fortinet.com/document/fortigate/7.6.4/fortios-release-notes/760203/introduction-and-supported-models,Enable/configure the FortiGate SNMP agent and allow SNMP on the monitored management interface.
Fortinet,FFW-3980E,Fortinet FFW-3980E by SNMP,templates/Fortinet/Fortinet__FFW-3980E__zabbix_7_snmp.yaml,Official vendor OS/family documentation,SNMPv2-MIB + IF-MIB baseline; ICMP; interface LLD; triggers; graphs,https://docs.fortinet.com/document/fortigate/latest/fortios-release-notes/760203/introduction-and-supported-models | https://docs.fortinet.com/document/fortigate/7.6.4/fortios-release-notes/760203/introduction-and-supported-models,Enable/configure the FortiGate SNMP agent and allow SNMP on the monitored management interface.
Fortinet,FFW-4200F,Fortinet FFW-4200F by SNMP,templates/Fortinet/Fortinet__FFW-4200F__zabbix_7_snmp.yaml,Official vendor OS/family documentation,SNMPv2-MIB + IF-MIB baseline; ICMP; interface LLD; triggers; graphs,https://docs.fortinet.com/document/fortigate/latest/fortios-release-notes/760203/introduction-and-supported-models | https://docs.fortinet.com/document/fortigate/7.6.4/fortios-release-notes/760203/introduction-and-supported-models,Enable/configure the FortiGate SNMP agent and allow SNMP on the monitored management interface.
Fortinet,FFW-4400F,Fortinet FFW-4400F by SNMP,templates/Fortinet/Fortinet__FFW-4400F__zabbix_7_snmp.yaml,Official vendor OS/family documentation,SNMPv2-MIB + IF-MIB baseline; ICMP; interface LLD; triggers; graphs,https://docs.fortinet.com/document/fortigate/latest/fortios-release-notes/760203/introduction-and-supported-models | https://docs.fortinet.com/document/fortigate/7.6.4/fortios-release-notes/760203/introduction-and-supported-models,Enable/configure the FortiGate SNMP agent and allow SNMP on the monitored management interface.
Fortinet,FFW-4401F,Fortinet FFW-4401F by SNMP,templates/Fortinet/Fortinet__FFW-4401F__zabbix_7_snmp.yaml,Official vendor OS/family documentation,SNMPv2-MIB + IF-MIB baseline; ICMP; interface LLD; triggers; graphs,https://docs.fortinet.com/document/fortigate/latest/fortios-release-notes/760203/introduction-and-supported-models | https://docs.fortinet.com/document/fortigate/7.6.4/fortios-release-notes/760203/introduction-and-supported-models,Enable/configure the FortiGate SNMP agent and allow SNMP on the monitored management interface.
Fortinet,FFW-4801F,Fortinet FFW-4801F by SNMP,templates/Fortinet/Fortinet__FFW-4801F__zabbix_7_snmp.yaml,Official vendor OS/family documentation,SNMPv2-MIB + IF-MIB baseline; ICMP; interface LLD; triggers; graphs,https://docs.fortinet.com/document/fortigate/latest/fortios-release-notes/760203/introduction-and-supported-models | https://docs.fortinet.com/document/fortigate/7.6.4/fortios-release-notes/760203/introduction-and-supported-models,Enable/configure the FortiGate SNMP agent and allow SNMP on the monitored management interface.
Palo Alto Networks,PA-410,Palo Alto Networks PA-410 by SNMP,templates/Palo_Alto_Networks/Palo_Alto_Networks__PA-410__zabbix_7_snmp.yaml,Official vendor OS/family documentation,SNMPv2-MIB + IF-MIB baseline; ICMP; interface LLD; triggers; graphs,https://docs.paloaltonetworks.com/hardware | https://docs.paloaltonetworks.com/pan-os/11-1/pan-os-admin/monitoring/snmp-monitoring-and-traps/snmp-support,
Palo Alto Networks,PA-415,Palo Alto Networks PA-415 by SNMP,templates/Palo_Alto_Networks/Palo_Alto_Networks__PA-415__zabbix_7_snmp.yaml,Official vendor OS/family documentation,SNMPv2-MIB + IF-MIB baseline; ICMP; interface LLD; triggers; graphs,https://docs.paloaltonetworks.com/hardware | https://docs.paloaltonetworks.com/pan-os/11-1/pan-os-admin/monitoring/snmp-monitoring-and-traps/snmp-support,
Palo Alto Networks,PA-415-5G,Palo Alto Networks PA-415-5G by SNMP,templates/Palo_Alto_Networks/Palo_Alto_Networks__PA-415-5G__zabbix_7_snmp.yaml,Official vendor OS/family documentation,SNMPv2-MIB + IF-MIB baseline; ICMP; interface LLD; triggers; graphs,https://docs.paloaltonetworks.com/hardware | https://docs.paloaltonetworks.com/pan-os/11-1/pan-os-admin/monitoring/snmp-monitoring-and-traps/snmp-support,
Palo Alto Networks,PA-440,Palo Alto Networks PA-440 by SNMP,templates/Palo_Alto_Networks/Palo_Alto_Networks__PA-440__zabbix_7_snmp.yaml,Official vendor OS/family documentation,SNMPv2-MIB + IF-MIB baseline; ICMP; interface LLD; triggers; graphs,https://docs.paloaltonetworks.com/hardware | https://docs.paloaltonetworks.com/pan-os/11-1/pan-os-admin/monitoring/snmp-monitoring-and-traps/snmp-support,
Palo Alto Networks,PA-445,Palo Alto Networks PA-445 by SNMP,templates/Palo_Alto_Networks/Palo_Alto_Networks__PA-445__zabbix_7_snmp.yaml,Official vendor OS/family documentation,SNMPv2-MIB + IF-MIB baseline; ICMP; interface LLD; triggers; graphs,https://docs.paloaltonetworks.com/hardware | https://docs.paloaltonetworks.com/pan-os/11-1/pan-os-admin/monitoring/snmp-monitoring-and-traps/snmp-support,
Palo Alto Networks,PA-450,Palo Alto Networks PA-450 by SNMP,templates/Palo_Alto_Networks/Palo_Alto_Networks__PA-450__zabbix_7_snmp.yaml,Official vendor OS/family documentation,SNMPv2-MIB + IF-MIB baseline; ICMP; interface LLD; triggers; graphs,https://docs.paloaltonetworks.com/hardware | https://docs.paloaltonetworks.com/pan-os/11-1/pan-os-admin/monitoring/snmp-monitoring-and-traps/snmp-support,
Palo Alto Networks,PA-455,Palo Alto Networks PA-455 by SNMP,templates/Palo_Alto_Networks/Palo_Alto_Networks__PA-455__zabbix_7_snmp.yaml,Official vendor OS/family documentation,SNMPv2-MIB + IF-MIB baseline; ICMP; interface LLD; triggers; graphs,https://docs.paloaltonetworks.com/hardware | https://docs.paloaltonetworks.com/pan-os/11-1/pan-os-admin/monitoring/snmp-monitoring-and-traps/snmp-support,
Palo Alto Networks,PA-455-5G,Palo Alto Networks PA-455-5G by SNMP,templates/Palo_Alto_Networks/Palo_Alto_Networks__PA-455-5G__zabbix_7_snmp.yaml,Official vendor OS/family documentation,SNMPv2-MIB + IF-MIB baseline; ICMP; interface LLD; triggers; graphs,https://docs.paloaltonetworks.com/hardware | https://docs.paloaltonetworks.com/pan-os/11-1/pan-os-admin/monitoring/snmp-monitoring-and-traps/snmp-support,
Palo Alto Networks,PA-460,Palo Alto Networks PA-460 by SNMP,templates/Palo_Alto_Networks/Palo_Alto_Networks__PA-460__zabbix_7_snmp.yaml,Official vendor OS/family documentation,SNMPv2-MIB + IF-MIB baseline; ICMP; interface LLD; triggers; graphs,https://docs.paloaltonetworks.com/hardware | https://docs.paloaltonetworks.com/pan-os/11-1/pan-os-admin/monitoring/snmp-monitoring-and-traps/snmp-support,
Palo Alto Networks,PA-410R,Palo Alto Networks PA-410R by SNMP,templates/Palo_Alto_Networks/Palo_Alto_Networks__PA-410R__zabbix_7_snmp.yaml,Official vendor OS/family documentation,SNMPv2-MIB + IF-MIB baseline; ICMP; interface LLD; triggers; graphs,https://docs.paloaltonetworks.com/hardware | https://docs.paloaltonetworks.com/pan-os/11-1/pan-os-admin/monitoring/snmp-monitoring-and-traps/snmp-support,
Palo Alto Networks,PA-410R-5G,Palo Alto Networks PA-410R-5G by SNMP,templates/Palo_Alto_Networks/Palo_Alto_Networks__PA-410R-5G__zabbix_7_snmp.yaml,Official vendor OS/family documentation,SNMPv2-MIB + IF-MIB baseline; ICMP; interface LLD; triggers; graphs,https://docs.paloaltonetworks.com/hardware | https://docs.paloaltonetworks.com/pan-os/11-1/pan-os-admin/monitoring/snmp-monitoring-and-traps/snmp-support,
Palo Alto Networks,PA-450R,Palo Alto Networks PA-450R by SNMP,templates/Palo_Alto_Networks/Palo_Alto_Networks__PA-450R__zabbix_7_snmp.yaml,Official vendor OS/family documentation,SNMPv2-MIB + IF-MIB baseline; ICMP; interface LLD; triggers; graphs,https://docs.paloaltonetworks.com/hardware | https://docs.paloaltonetworks.com/pan-os/11-1/pan-os-admin/monitoring/snmp-monitoring-and-traps/snmp-support,
Palo Alto Networks,PA-450R-5G,Palo Alto Networks PA-450R-5G by SNMP,templates/Palo_Alto_Networks/Palo_Alto_Networks__PA-450R-5G__zabbix_7_snmp.yaml,Official vendor OS/family documentation,SNMPv2-MIB + IF-MIB baseline; ICMP; interface LLD; triggers; graphs,https://docs.paloaltonetworks.com/hardware | https://docs.paloaltonetworks.com/pan-os/11-1/pan-os-admin/monitoring/snmp-monitoring-and-traps/snmp-support,
Palo Alto Networks,PA-455R-5G,Palo Alto Networks PA-455R-5G by SNMP,templates/Palo_Alto_Networks/Palo_Alto_Networks__PA-455R-5G__zabbix_7_snmp.yaml,Official vendor OS/family documentation,SNMPv2-MIB + IF-MIB baseline; ICMP; interface LLD; triggers; graphs,https://docs.paloaltonetworks.com/hardware | https://docs.paloaltonetworks.com/pan-os/11-1/pan-os-admin/monitoring/snmp-monitoring-and-traps/snmp-support,
Palo Alto Networks,PA-501,Palo Alto Networks PA-501 by SNMP,templates/Palo_Alto_Networks/Palo_Alto_Networks__PA-501__zabbix_7_snmp.yaml,Official vendor OS/family documentation,SNMPv2-MIB + IF-MIB baseline; ICMP; interface LLD; triggers; graphs,https://docs.paloaltonetworks.com/hardware | https://docs.paloaltonetworks.com/pan-os/11-1/pan-os-admin/monitoring/snmp-monitoring-and-traps/snmp-support,
Palo Alto Networks,PA-505,Palo Alto Networks PA-505 by SNMP,templates/Palo_Alto_Networks/Palo_Alto_Networks__PA-505__zabbix_7_snmp.yaml,Official vendor OS/family documentation,SNMPv2-MIB + IF-MIB baseline; ICMP; interface LLD; triggers; graphs,https://docs.paloaltonetworks.com/hardware | https://docs.paloaltonetworks.com/pan-os/11-1/pan-os-admin/monitoring/snmp-monitoring-and-traps/snmp-support,
Palo Alto Networks,PA-510,Palo Alto Networks PA-510 by SNMP,templates/Palo_Alto_Networks/Palo_Alto_Networks__PA-510__zabbix_7_snmp.yaml,Official vendor OS/family documentation,SNMPv2-MIB + IF-MIB baseline; ICMP; interface LLD; triggers; graphs,https://docs.paloaltonetworks.com/hardware | https://docs.paloaltonetworks.com/pan-os/11-1/pan-os-admin/monitoring/snmp-monitoring-and-traps/snmp-support,
Palo Alto Networks,PA-520,Palo Alto Networks PA-520 by SNMP,templates/Palo_Alto_Networks/Palo_Alto_Networks__PA-520__zabbix_7_snmp.yaml,Official vendor OS/family documentation,SNMPv2-MIB + IF-MIB baseline; ICMP; interface LLD; triggers; graphs,https://docs.paloaltonetworks.com/hardware | https://docs.paloaltonetworks.com/pan-os/11-1/pan-os-admin/monitoring/snmp-monitoring-and-traps/snmp-support,
Palo Alto Networks,PA-540,Palo Alto Networks PA-540 by SNMP,templates/Palo_Alto_Networks/Palo_Alto_Networks__PA-540__zabbix_7_snmp.yaml,Official vendor OS/family documentation,SNMPv2-MIB + IF-MIB baseline; ICMP; interface LLD; triggers; graphs,https://docs.paloaltonetworks.com/hardware | https://docs.paloaltonetworks.com/pan-os/11-1/pan-os-admin/monitoring/snmp-monitoring-and-traps/snmp-support,
Palo Alto Networks,PA-545-POE,Palo Alto Networks PA-545-POE by SNMP,templates/Palo_Alto_Networks/Palo_Alto_Networks__PA-545-POE__zabbix_7_snmp.yaml,Official vendor OS/family documentation,SNMPv2-MIB + IF-MIB baseline; ICMP; interface LLD; triggers; graphs,https://docs.paloaltonetworks.com/hardware | https://docs.paloaltonetworks.com/pan-os/11-1/pan-os-admin/monitoring/snmp-monitoring-and-traps/snmp-support,
Palo Alto Networks,PA-550,Palo Alto Networks PA-550 by SNMP,templates/Palo_Alto_Networks/Palo_Alto_Networks__PA-550__zabbix_7_snmp.yaml,Official vendor OS/family documentation,SNMPv2-MIB + IF-MIB baseline; ICMP; interface LLD; triggers; graphs,https://docs.paloaltonetworks.com/hardware | https://docs.paloaltonetworks.com/pan-os/11-1/pan-os-admin/monitoring/snmp-monitoring-and-traps/snmp-support,
Palo Alto Networks,PA-555-POE,Palo Alto Networks PA-555-POE by SNMP,templates/Palo_Alto_Networks/Palo_Alto_Networks__PA-555-POE__zabbix_7_snmp.yaml,Official vendor OS/family documentation,SNMPv2-MIB + IF-MIB baseline; ICMP; interface LLD; triggers; graphs,https://docs.paloaltonetworks.com/hardware | https://docs.paloaltonetworks.com/pan-os/11-1/pan-os-admin/monitoring/snmp-monitoring-and-traps/snmp-support,
Palo Alto Networks,PA-560,Palo Alto Networks PA-560 by SNMP,templates/Palo_Alto_Networks/Palo_Alto_Networks__PA-560__zabbix_7_snmp.yaml,Official vendor OS/family documentation,SNMPv2-MIB + IF-MIB baseline; ICMP; interface LLD; triggers; graphs,https://docs.paloaltonetworks.com/hardware | https://docs.paloaltonetworks.com/pan-os/11-1/pan-os-admin/monitoring/snmp-monitoring-and-traps/snmp-support,
Palo Alto Networks,PA-1410,Palo Alto Networks PA-1410 by SNMP,templates/Palo_Alto_Networks/Palo_Alto_Networks__PA-1410__zabbix_7_snmp.yaml,Official vendor OS/family documentation,SNMPv2-MIB + IF-MIB baseline; ICMP; interface LLD; triggers; graphs,https://docs.paloaltonetworks.com/hardware | https://docs.paloaltonetworks.com/pan-os/11-1/pan-os-admin/monitoring/snmp-monitoring-and-traps/snmp-support,
Palo Alto Networks,PA-1420,Palo Alto Networks PA-1420 by SNMP,templates/Palo_Alto_Networks/Palo_Alto_Networks__PA-1420__zabbix_7_snmp.yaml,Official vendor OS/family documentation,SNMPv2-MIB + IF-MIB baseline; ICMP; interface LLD; triggers; graphs,https://docs.paloaltonetworks.com/hardware | https://docs.paloaltonetworks.com/pan-os/11-1/pan-os-admin/monitoring/snmp-monitoring-and-traps/snmp-support,
Palo Alto Networks,PA-1510-POE,Palo Alto Networks PA-1510-POE by SNMP,templates/Palo_Alto_Networks/Palo_Alto_Networks__PA-1510-POE__zabbix_7_snmp.yaml,Official vendor OS/family documentation,SNMPv2-MIB + IF-MIB baseline; ICMP; interface LLD; triggers; graphs,https://docs.paloaltonetworks.com/hardware | https://docs.paloaltonetworks.com/pan-os/11-1/pan-os-admin/monitoring/snmp-monitoring-and-traps/snmp-support,
Palo Alto Networks,PA-1520-POE,Palo Alto Networks PA-1520-POE by SNMP,templates/Palo_Alto_Networks/Palo_Alto_Networks__PA-1520-POE__zabbix_7_snmp.yaml,Official vendor OS/family documentation,SNMPv2-MIB + IF-MIB baseline; ICMP; interface LLD; triggers; graphs,https://docs.paloaltonetworks.com/hardware | https://docs.paloaltonetworks.com/pan-os/11-1/pan-os-admin/monitoring/snmp-monitoring-and-traps/snmp-support,
Palo Alto Networks,PA-1530-POE,Palo Alto Networks PA-1530-POE by SNMP,templates/Palo_Alto_Networks/Palo_Alto_Networks__PA-1530-POE__zabbix_7_snmp.yaml,Official vendor OS/family documentation,SNMPv2-MIB + IF-MIB baseline; ICMP; interface LLD; triggers; graphs,https://docs.paloaltonetworks.com/hardware | https://docs.paloaltonetworks.com/pan-os/11-1/pan-os-admin/monitoring/snmp-monitoring-and-traps/snmp-support,
Palo Alto Networks,PA-3410,Palo Alto Networks PA-3410 by SNMP,templates/Palo_Alto_Networks/Palo_Alto_Networks__PA-3410__zabbix_7_snmp.yaml,Official vendor OS/family documentation,SNMPv2-MIB + IF-MIB baseline; ICMP; interface LLD; triggers; graphs,https://docs.paloaltonetworks.com/hardware | https://docs.paloaltonetworks.com/pan-os/11-1/pan-os-admin/monitoring/snmp-monitoring-and-traps/snmp-support,
Palo Alto Networks,PA-3420,Palo Alto Networks PA-3420 by SNMP,templates/Palo_Alto_Networks/Palo_Alto_Networks__PA-3420__zabbix_7_snmp.yaml,Official vendor OS/family documentation,SNMPv2-MIB + IF-MIB baseline; ICMP; interface LLD; triggers; graphs,https://docs.paloaltonetworks.com/hardware | https://docs.paloaltonetworks.com/pan-os/11-1/pan-os-admin/monitoring/snmp-monitoring-and-traps/snmp-support,
Palo Alto Networks,PA-3430,Palo Alto Networks PA-3430 by SNMP,templates/Palo_Alto_Networks/Palo_Alto_Networks__PA-3430__zabbix_7_snmp.yaml,Official vendor OS/family documentation,SNMPv2-MIB + IF-MIB baseline; ICMP; interface LLD; triggers; graphs,https://docs.paloaltonetworks.com/hardware | https://docs.paloaltonetworks.com/pan-os/11-1/pan-os-admin/monitoring/snmp-monitoring-and-traps/snmp-support,
Palo Alto Networks,PA-3440,Palo Alto Networks PA-3440 by SNMP,templates/Palo_Alto_Networks/Palo_Alto_Networks__PA-3440__zabbix_7_snmp.yaml,Official vendor OS/family documentation,SNMPv2-MIB + IF-MIB baseline; ICMP; interface LLD; triggers; graphs,https://docs.paloaltonetworks.com/hardware | https://docs.paloaltonetworks.com/pan-os/11-1/pan-os-admin/monitoring/snmp-monitoring-and-traps/snmp-support,
Palo Alto Networks,PA-3510,Palo Alto Networks PA-3510 by SNMP,templates/Palo_Alto_Networks/Palo_Alto_Networks__PA-3510__zabbix_7_snmp.yaml,Official vendor OS/family documentation,SNMPv2-MIB + IF-MIB baseline; ICMP; interface LLD; triggers; graphs,https://docs.paloaltonetworks.com/hardware | https://docs.paloaltonetworks.com/pan-os/11-1/pan-os-admin/monitoring/snmp-monitoring-and-traps/snmp-support,
Palo Alto Networks,PA-3520,Palo Alto Networks PA-3520 by SNMP,templates/Palo_Alto_Networks/Palo_Alto_Networks__PA-3520__zabbix_7_snmp.yaml,Official vendor OS/family documentation,SNMPv2-MIB + IF-MIB baseline; ICMP; interface LLD; triggers; graphs,https://docs.paloaltonetworks.com/hardware | https://docs.paloaltonetworks.com/pan-os/11-1/pan-os-admin/monitoring/snmp-monitoring-and-traps/snmp-support,
Palo Alto Networks,PA-3530,Palo Alto Networks PA-3530 by SNMP,templates/Palo_Alto_Networks/Palo_Alto_Networks__PA-3530__zabbix_7_snmp.yaml,Official vendor OS/family documentation,SNMPv2-MIB + IF-MIB baseline; ICMP; interface LLD; triggers; graphs,https://docs.paloaltonetworks.com/hardware | https://docs.paloaltonetworks.com/pan-os/11-1/pan-os-admin/monitoring/snmp-monitoring-and-traps/snmp-support,
Palo Alto Networks,PA-3540,Palo Alto Networks PA-3540 by SNMP,templates/Palo_Alto_Networks/Palo_Alto_Networks__PA-3540__zabbix_7_snmp.yaml,Official vendor OS/family documentation,SNMPv2-MIB + IF-MIB baseline; ICMP; interface LLD; triggers; graphs,https://docs.paloaltonetworks.com/hardware | https://docs.paloaltonetworks.com/pan-os/11-1/pan-os-admin/monitoring/snmp-monitoring-and-traps/snmp-support,
Palo Alto Networks,PA-5410,Palo Alto Networks PA-5410 by SNMP,templates/Palo_Alto_Networks/Palo_Alto_Networks__PA-5410__zabbix_7_snmp.yaml,Official vendor OS/family documentation,SNMPv2-MIB + IF-MIB baseline; ICMP; interface LLD; triggers; graphs,https://docs.paloaltonetworks.com/hardware | https://docs.paloaltonetworks.com/pan-os/11-1/pan-os-admin/monitoring/snmp-monitoring-and-traps/snmp-support,
Palo Alto Networks,PA-5420,Palo Alto Networks PA-5420 by SNMP,templates/Palo_Alto_Networks/Palo_Alto_Networks__PA-5420__zabbix_7_snmp.yaml,Official vendor OS/family documentation,SNMPv2-MIB + IF-MIB baseline; ICMP; interface LLD; triggers; graphs,https://docs.paloaltonetworks.com/hardware | https://docs.paloaltonetworks.com/pan-os/11-1/pan-os-admin/monitoring/snmp-monitoring-and-traps/snmp-support,
Palo Alto Networks,PA-5430,Palo Alto Networks PA-5430 by SNMP,templates/Palo_Alto_Networks/Palo_Alto_Networks__PA-5430__zabbix_7_snmp.yaml,Official vendor OS/family documentation,SNMPv2-MIB + IF-MIB baseline; ICMP; interface LLD; triggers; graphs,https://docs.paloaltonetworks.com/hardware | https://docs.paloaltonetworks.com/pan-os/11-1/pan-os-admin/monitoring/snmp-monitoring-and-traps/snmp-support,
Palo Alto Networks,PA-5440,Palo Alto Networks PA-5440 by SNMP,templates/Palo_Alto_Networks/Palo_Alto_Networks__PA-5440__zabbix_7_snmp.yaml,Official vendor OS/family documentation,SNMPv2-MIB + IF-MIB baseline; ICMP; interface LLD; triggers; graphs,https://docs.paloaltonetworks.com/hardware | https://docs.paloaltonetworks.com/pan-os/11-1/pan-os-admin/monitoring/snmp-monitoring-and-traps/snmp-support,
Palo Alto Networks,PA-5445,Palo Alto Networks PA-5445 by SNMP,templates/Palo_Alto_Networks/Palo_Alto_Networks__PA-5445__zabbix_7_snmp.yaml,Official vendor OS/family documentation,SNMPv2-MIB + IF-MIB baseline; ICMP; interface LLD; triggers; graphs,https://docs.paloaltonetworks.com/hardware | https://docs.paloaltonetworks.com/pan-os/11-1/pan-os-admin/monitoring/snmp-monitoring-and-traps/snmp-support,
Palo Alto Networks,PA-5450,Palo Alto Networks PA-5450 by SNMP,templates/Palo_Alto_Networks/Palo_Alto_Networks__PA-5450__zabbix_7_snmp.yaml,Official vendor OS/family documentation,SNMPv2-MIB + IF-MIB baseline; ICMP; interface LLD; triggers; graphs,https://docs.paloaltonetworks.com/hardware | https://docs.paloaltonetworks.com/pan-os/11-1/pan-os-admin/monitoring/snmp-monitoring-and-traps/snmp-support,
Palo Alto Networks,PA-5540,Palo Alto Networks PA-5540 by SNMP,templates/Palo_Alto_Networks/Palo_Alto_Networks__PA-5540__zabbix_7_snmp.yaml,Official vendor OS/family documentation,SNMPv2-MIB + IF-MIB baseline; ICMP; interface LLD; triggers; graphs,https://docs.paloaltonetworks.com/hardware | https://docs.paloaltonetworks.com/pan-os/11-1/pan-os-admin/monitoring/snmp-monitoring-and-traps/snmp-support,
Palo Alto Networks,PA-5550,Palo Alto Networks PA-5550 by SNMP,templates/Palo_Alto_Networks/Palo_Alto_Networks__PA-5550__zabbix_7_snmp.yaml,Official vendor OS/family documentation,SNMPv2-MIB + IF-MIB baseline; ICMP; interface LLD; triggers; graphs,https://docs.paloaltonetworks.com/hardware | https://docs.paloaltonetworks.com/pan-os/11-1/pan-os-admin/monitoring/snmp-monitoring-and-traps/snmp-support,
Palo Alto Networks,PA-5560,Palo Alto Networks PA-5560 by SNMP,templates/Palo_Alto_Networks/Palo_Alto_Networks__PA-5560__zabbix_7_snmp.yaml,Official vendor OS/family documentation,SNMPv2-MIB + IF-MIB baseline; ICMP; interface LLD; triggers; graphs,https://docs.paloaltonetworks.com/hardware | https://docs.paloaltonetworks.com/pan-os/11-1/pan-os-admin/monitoring/snmp-monitoring-and-traps/snmp-support,
Palo Alto Networks,PA-5570,Palo Alto Networks PA-5570 by SNMP,templates/Palo_Alto_Networks/Palo_Alto_Networks__PA-5570__zabbix_7_snmp.yaml,Official vendor OS/family documentation,SNMPv2-MIB + IF-MIB baseline; ICMP; interface LLD; triggers; graphs,https://docs.paloaltonetworks.com/hardware | https://docs.paloaltonetworks.com/pan-os/11-1/pan-os-admin/monitoring/snmp-monitoring-and-traps/snmp-support,
Palo Alto Networks,PA-5580,Palo Alto Networks PA-5580 by SNMP,templates/Palo_Alto_Networks/Palo_Alto_Networks__PA-5580__zabbix_7_snmp.yaml,Official vendor OS/family documentation,SNMPv2-MIB + IF-MIB baseline; ICMP; interface LLD; triggers; graphs,https://docs.paloaltonetworks.com/hardware | https://docs.paloaltonetworks.com/pan-os/11-1/pan-os-admin/monitoring/snmp-monitoring-and-traps/snmp-support,
Palo Alto Networks,PA-7500,Palo Alto Networks PA-7500 by SNMP,templates/Palo_Alto_Networks/Palo_Alto_Networks__PA-7500__zabbix_7_snmp.yaml,Official vendor OS/family documentation,SNMPv2-MIB + IF-MIB baseline; ICMP; interface LLD; triggers; graphs,https://docs.paloaltonetworks.com/hardware | https://docs.paloaltonetworks.com/pan-os/11-1/pan-os-admin/monitoring/snmp-monitoring-and-traps/snmp-support,
Palo Alto Networks,PA-52R-5G,Palo Alto Networks PA-52R-5G by SNMP,templates/Palo_Alto_Networks/Palo_Alto_Networks__PA-52R-5G__zabbix_7_snmp.yaml,Official vendor OS/family documentation,SNMPv2-MIB + IF-MIB baseline; ICMP; interface LLD; triggers; graphs,https://docs.paloaltonetworks.com/hardware | https://docs.paloaltonetworks.com/pan-os/11-1/pan-os-admin/monitoring/snmp-monitoring-and-traps/snmp-support,
Palo Alto Networks,PA-54R-POE,Palo Alto Networks PA-54R-POE by SNMP,templates/Palo_Alto_Networks/Palo_Alto_Networks__PA-54R-POE__zabbix_7_snmp.yaml,Official vendor OS/family documentation,SNMPv2-MIB + IF-MIB baseline; ICMP; interface LLD; triggers; graphs,https://docs.paloaltonetworks.com/hardware | https://docs.paloaltonetworks.com/pan-os/11-1/pan-os-admin/monitoring/snmp-monitoring-and-traps/snmp-support,
Palo Alto Networks,PA-54R-POE-D-5G,Palo Alto Networks PA-54R-POE-D-5G by SNMP,templates/Palo_Alto_Networks/Palo_Alto_Networks__PA-54R-POE-D-5G__zabbix_7_snmp.yaml,Official vendor OS/family documentation,SNMPv2-MIB + IF-MIB baseline; ICMP; interface LLD; triggers; graphs,https://docs.paloaltonetworks.com/hardware | https://docs.paloaltonetworks.com/pan-os/11-1/pan-os-admin/monitoring/snmp-monitoring-and-traps/snmp-support,
Palo Alto Networks,PA-56R-POE-5G,Palo Alto Networks PA-56R-POE-5G by SNMP,templates/Palo_Alto_Networks/Palo_Alto_Networks__PA-56R-POE-5G__zabbix_7_snmp.yaml,Official vendor OS/family documentation,SNMPv2-MIB + IF-MIB baseline; ICMP; interface LLD; triggers; graphs,https://docs.paloaltonetworks.com/hardware | https://docs.paloaltonetworks.com/pan-os/11-1/pan-os-admin/monitoring/snmp-monitoring-and-traps/snmp-support,
Palo Alto Networks,VM-Series,Palo Alto Networks VM-Series by SNMP,templates/Palo_Alto_Networks/Palo_Alto_Networks__VM-Series__zabbix_7_snmp.yaml,Official vendor OS/family documentation,SNMPv2-MIB + IF-MIB baseline; ICMP; interface LLD; triggers; graphs,https://docs.paloaltonetworks.com/hardware | https://docs.paloaltonetworks.com/pan-os/11-1/pan-os-admin/monitoring/snmp-monitoring-and-traps/snmp-support,
Cisco Secure Firewall,Cisco Firewall 220,Cisco Secure Firewall Cisco Firewall 220 by SNMP,templates/Cisco_Secure_Firewall/Cisco_Secure_Firewall__Cisco_Firewall_220__zabbix_7_snmp.yaml,Official vendor OS/family documentation,SNMPv2-MIB + IF-MIB baseline; ICMP; interface LLD; triggers; graphs,https://www.cisco.com/site/ca/en/products/security/firewalls/index.html | https://www.cisco.com/c/en/us/td/docs/security/secure-firewall/mib/cisco-secure-firewall-mib-reference-guide.html,
Cisco Secure Firewall,Secure Firewall 1210CE,Cisco Secure Firewall Secure Firewall 1210CE by SNMP,templates/Cisco_Secure_Firewall/Cisco_Secure_Firewall__Secure_Firewall_1210CE__zabbix_7_snmp.yaml,Official vendor OS/family documentation,SNMPv2-MIB + IF-MIB baseline; ICMP; interface LLD; triggers; graphs,https://www.cisco.com/site/ca/en/products/security/firewalls/index.html | https://www.cisco.com/c/en/us/td/docs/security/secure-firewall/mib/cisco-secure-firewall-mib-reference-guide.html,
Cisco Secure Firewall,Secure Firewall 1210CP,Cisco Secure Firewall Secure Firewall 1210CP by SNMP,templates/Cisco_Secure_Firewall/Cisco_Secure_Firewall__Secure_Firewall_1210CP__zabbix_7_snmp.yaml,Official vendor OS/family documentation,SNMPv2-MIB + IF-MIB baseline; ICMP; interface LLD; triggers; graphs,https://www.cisco.com/site/ca/en/products/security/firewalls/index.html | https://www.cisco.com/c/en/us/td/docs/security/secure-firewall/mib/cisco-secure-firewall-mib-reference-guide.html,
Cisco Secure Firewall,Secure Firewall 1220CX,Cisco Secure Firewall Secure Firewall 1220CX by SNMP,templates/Cisco_Secure_Firewall/Cisco_Secure_Firewall__Secure_Firewall_1220CX__zabbix_7_snmp.yaml,Official vendor OS/family documentation,SNMPv2-MIB + IF-MIB baseline; ICMP; interface LLD; triggers; graphs,https://www.cisco.com/site/ca/en/products/security/firewalls/index.html | https://www.cisco.com/c/en/us/td/docs/security/secure-firewall/mib/cisco-secure-firewall-mib-reference-guide.html,
Cisco Secure Firewall,Secure Firewall 1230,Cisco Secure Firewall Secure Firewall 1230 by SNMP,templates/Cisco_Secure_Firewall/Cisco_Secure_Firewall__Secure_Firewall_1230__zabbix_7_snmp.yaml,Official vendor OS/family documentation,SNMPv2-MIB + IF-MIB baseline; ICMP; interface LLD; triggers; graphs,https://www.cisco.com/site/ca/en/products/security/firewalls/index.html | https://www.cisco.com/c/en/us/td/docs/security/secure-firewall/mib/cisco-secure-firewall-mib-reference-guide.html,
Cisco Secure Firewall,Secure Firewall 1240,Cisco Secure Firewall Secure Firewall 1240 by SNMP,templates/Cisco_Secure_Firewall/Cisco_Secure_Firewall__Secure_Firewall_1240__zabbix_7_snmp.yaml,Official vendor OS/family documentation,SNMPv2-MIB + IF-MIB baseline; ICMP; interface LLD; triggers; graphs,https://www.cisco.com/site/ca/en/products/security/firewalls/index.html | https://www.cisco.com/c/en/us/td/docs/security/secure-firewall/mib/cisco-secure-firewall-mib-reference-guide.html,
Cisco Secure Firewall,Secure Firewall 1250,Cisco Secure Firewall Secure Firewall 1250 by SNMP,templates/Cisco_Secure_Firewall/Cisco_Secure_Firewall__Secure_Firewall_1250__zabbix_7_snmp.yaml,Official vendor OS/family documentation,SNMPv2-MIB + IF-MIB baseline; ICMP; interface LLD; triggers; graphs,https://www.cisco.com/site/ca/en/products/security/firewalls/index.html | https://www.cisco.com/c/en/us/td/docs/security/secure-firewall/mib/cisco-secure-firewall-mib-reference-guide.html,
Cisco Secure Firewall,Secure Firewall 3105,Cisco Secure Firewall Secure Firewall 3105 by SNMP,templates/Cisco_Secure_Firewall/Cisco_Secure_Firewall__Secure_Firewall_3105__zabbix_7_snmp.yaml,Official vendor OS/family documentation,SNMPv2-MIB + IF-MIB baseline; ICMP; interface LLD; triggers; graphs,https://www.cisco.com/site/ca/en/products/security/firewalls/index.html | https://www.cisco.com/c/en/us/td/docs/security/secure-firewall/mib/cisco-secure-firewall-mib-reference-guide.html,
Cisco Secure Firewall,Secure Firewall 3110,Cisco Secure Firewall Secure Firewall 3110 by SNMP,templates/Cisco_Secure_Firewall/Cisco_Secure_Firewall__Secure_Firewall_3110__zabbix_7_snmp.yaml,Official vendor OS/family documentation,SNMPv2-MIB + IF-MIB baseline; ICMP; interface LLD; triggers; graphs,https://www.cisco.com/site/ca/en/products/security/firewalls/index.html | https://www.cisco.com/c/en/us/td/docs/security/secure-firewall/mib/cisco-secure-firewall-mib-reference-guide.html,
Cisco Secure Firewall,Secure Firewall 3120,Cisco Secure Firewall Secure Firewall 3120 by SNMP,templates/Cisco_Secure_Firewall/Cisco_Secure_Firewall__Secure_Firewall_3120__zabbix_7_snmp.yaml,Official vendor OS/family documentation,SNMPv2-MIB + IF-MIB baseline; ICMP; interface LLD; triggers; graphs,https://www.cisco.com/site/ca/en/products/security/firewalls/index.html | https://www.cisco.com/c/en/us/td/docs/security/secure-firewall/mib/cisco-secure-firewall-mib-reference-guide.html,
Cisco Secure Firewall,Secure Firewall 3130,Cisco Secure Firewall Secure Firewall 3130 by SNMP,templates/Cisco_Secure_Firewall/Cisco_Secure_Firewall__Secure_Firewall_3130__zabbix_7_snmp.yaml,Official vendor OS/family documentation,SNMPv2-MIB + IF-MIB baseline; ICMP; interface LLD; triggers; graphs,https://www.cisco.com/site/ca/en/products/security/firewalls/index.html | https://www.cisco.com/c/en/us/td/docs/security/secure-firewall/mib/cisco-secure-firewall-mib-reference-guide.html,
Cisco Secure Firewall,Secure Firewall 3140,Cisco Secure Firewall Secure Firewall 3140 by SNMP,templates/Cisco_Secure_Firewall/Cisco_Secure_Firewall__Secure_Firewall_3140__zabbix_7_snmp.yaml,Official vendor OS/family documentation,SNMPv2-MIB + IF-MIB baseline; ICMP; interface LLD; triggers; graphs,https://www.cisco.com/site/ca/en/products/security/firewalls/index.html | https://www.cisco.com/c/en/us/td/docs/security/secure-firewall/mib/cisco-secure-firewall-mib-reference-guide.html,
Cisco Secure Firewall,Secure Firewall 4215,Cisco Secure Firewall Secure Firewall 4215 by SNMP,templates/Cisco_Secure_Firewall/Cisco_Secure_Firewall__Secure_Firewall_4215__zabbix_7_snmp.yaml,Official vendor OS/family documentation,SNMPv2-MIB + IF-MIB baseline; ICMP; interface LLD; triggers; graphs,https://www.cisco.com/site/ca/en/products/security/firewalls/index.html | https://www.cisco.com/c/en/us/td/docs/security/secure-firewall/mib/cisco-secure-firewall-mib-reference-guide.html,
Cisco Secure Firewall,Secure Firewall 4225,Cisco Secure Firewall Secure Firewall 4225 by SNMP,templates/Cisco_Secure_Firewall/Cisco_Secure_Firewall__Secure_Firewall_4225__zabbix_7_snmp.yaml,Official vendor OS/family documentation,SNMPv2-MIB + IF-MIB baseline; ICMP; interface LLD; triggers; graphs,https://www.cisco.com/site/ca/en/products/security/firewalls/index.html | https://www.cisco.com/c/en/us/td/docs/security/secure-firewall/mib/cisco-secure-firewall-mib-reference-guide.html,
Cisco Secure Firewall,Secure Firewall 4245,Cisco Secure Firewall Secure Firewall 4245 by SNMP,templates/Cisco_Secure_Firewall/Cisco_Secure_Firewall__Secure_Firewall_4245__zabbix_7_snmp.yaml,Official vendor OS/family documentation,SNMPv2-MIB + IF-MIB baseline; ICMP; interface LLD; triggers; graphs,https://www.cisco.com/site/ca/en/products/security/firewalls/index.html | https://www.cisco.com/c/en/us/td/docs/security/secure-firewall/mib/cisco-secure-firewall-mib-reference-guide.html,
Cisco Secure Firewall,Secure Firewall 6160,Cisco Secure Firewall Secure Firewall 6160 by SNMP,templates/Cisco_Secure_Firewall/Cisco_Secure_Firewall__Secure_Firewall_6160__zabbix_7_snmp.yaml,Official vendor OS/family documentation,SNMPv2-MIB + IF-MIB baseline; ICMP; interface LLD; triggers; graphs,https://www.cisco.com/site/ca/en/products/security/firewalls/index.html | https://www.cisco.com/c/en/us/td/docs/security/secure-firewall/mib/cisco-secure-firewall-mib-reference-guide.html,
Cisco Secure Firewall,Secure Firewall 6170,Cisco Secure Firewall Secure Firewall 6170 by SNMP,templates/Cisco_Secure_Firewall/Cisco_Secure_Firewall__Secure_Firewall_6170__zabbix_7_snmp.yaml,Official vendor OS/family documentation,SNMPv2-MIB + IF-MIB baseline; ICMP; interface LLD; triggers; graphs,https://www.cisco.com/site/ca/en/products/security/firewalls/index.html | https://www.cisco.com/c/en/us/td/docs/security/secure-firewall/mib/cisco-secure-firewall-mib-reference-guide.html,
Cisco Secure Firewall,Firepower 1010,Cisco Secure Firewall Firepower 1010 by SNMP,templates/Cisco_Secure_Firewall/Cisco_Secure_Firewall__Firepower_1010__zabbix_7_snmp.yaml,Official vendor OS/family documentation,SNMPv2-MIB + IF-MIB baseline; ICMP; interface LLD; triggers; graphs,https://www.cisco.com/site/ca/en/products/security/firewalls/index.html | https://www.cisco.com/c/en/us/td/docs/security/secure-firewall/mib/cisco-secure-firewall-mib-reference-guide.html,
Cisco Secure Firewall,Firepower 1010E,Cisco Secure Firewall Firepower 1010E by SNMP,templates/Cisco_Secure_Firewall/Cisco_Secure_Firewall__Firepower_1010E__zabbix_7_snmp.yaml,Official vendor OS/family documentation,SNMPv2-MIB + IF-MIB baseline; ICMP; interface LLD; triggers; graphs,https://www.cisco.com/site/ca/en/products/security/firewalls/index.html | https://www.cisco.com/c/en/us/td/docs/security/secure-firewall/mib/cisco-secure-firewall-mib-reference-guide.html,
Cisco Secure Firewall,Firepower 1120,Cisco Secure Firewall Firepower 1120 by SNMP,templates/Cisco_Secure_Firewall/Cisco_Secure_Firewall__Firepower_1120__zabbix_7_snmp.yaml,Official vendor OS/family documentation,SNMPv2-MIB + IF-MIB baseline; ICMP; interface LLD; triggers; graphs,https://www.cisco.com/site/ca/en/products/security/firewalls/index.html | https://www.cisco.com/c/en/us/td/docs/security/secure-firewall/mib/cisco-secure-firewall-mib-reference-guide.html,
Cisco Secure Firewall,Firepower 1140,Cisco Secure Firewall Firepower 1140 by SNMP,templates/Cisco_Secure_Firewall/Cisco_Secure_Firewall__Firepower_1140__zabbix_7_snmp.yaml,Official vendor OS/family documentation,SNMPv2-MIB + IF-MIB baseline; ICMP; interface LLD; triggers; graphs,https://www.cisco.com/site/ca/en/products/security/firewalls/index.html | https://www.cisco.com/c/en/us/td/docs/security/secure-firewall/mib/cisco-secure-firewall-mib-reference-guide.html,
Cisco Secure Firewall,Firepower 1150,Cisco Secure Firewall Firepower 1150 by SNMP,templates/Cisco_Secure_Firewall/Cisco_Secure_Firewall__Firepower_1150__zabbix_7_snmp.yaml,Official vendor OS/family documentation,SNMPv2-MIB + IF-MIB baseline; ICMP; interface LLD; triggers; graphs,https://www.cisco.com/site/ca/en/products/security/firewalls/index.html | https://www.cisco.com/c/en/us/td/docs/security/secure-firewall/mib/cisco-secure-firewall-mib-reference-guide.html,
Cisco Secure Firewall,Firepower 2110,Cisco Secure Firewall Firepower 2110 by SNMP,templates/Cisco_Secure_Firewall/Cisco_Secure_Firewall__Firepower_2110__zabbix_7_snmp.yaml,Official vendor OS/family documentation,SNMPv2-MIB + IF-MIB baseline; ICMP; interface LLD; triggers; graphs,https://www.cisco.com/site/ca/en/products/security/firewalls/index.html | https://www.cisco.com/c/en/us/td/docs/security/secure-firewall/mib/cisco-secure-firewall-mib-reference-guide.html,
Cisco Secure Firewall,Firepower 2120,Cisco Secure Firewall Firepower 2120 by SNMP,templates/Cisco_Secure_Firewall/Cisco_Secure_Firewall__Firepower_2120__zabbix_7_snmp.yaml,Official vendor OS/family documentation,SNMPv2-MIB + IF-MIB baseline; ICMP; interface LLD; triggers; graphs,https://www.cisco.com/site/ca/en/products/security/firewalls/index.html | https://www.cisco.com/c/en/us/td/docs/security/secure-firewall/mib/cisco-secure-firewall-mib-reference-guide.html,
Cisco Secure Firewall,Firepower 2130,Cisco Secure Firewall Firepower 2130 by SNMP,templates/Cisco_Secure_Firewall/Cisco_Secure_Firewall__Firepower_2130__zabbix_7_snmp.yaml,Official vendor OS/family documentation,SNMPv2-MIB + IF-MIB baseline; ICMP; interface LLD; triggers; graphs,https://www.cisco.com/site/ca/en/products/security/firewalls/index.html | https://www.cisco.com/c/en/us/td/docs/security/secure-firewall/mib/cisco-secure-firewall-mib-reference-guide.html,
Cisco Secure Firewall,Firepower 2140,Cisco Secure Firewall Firepower 2140 by SNMP,templates/Cisco_Secure_Firewall/Cisco_Secure_Firewall__Firepower_2140__zabbix_7_snmp.yaml,Official vendor OS/family documentation,SNMPv2-MIB + IF-MIB baseline; ICMP; interface LLD; triggers; graphs,https://www.cisco.com/site/ca/en/products/security/firewalls/index.html | https://www.cisco.com/c/en/us/td/docs/security/secure-firewall/mib/cisco-secure-firewall-mib-reference-guide.html,
Cisco Secure Firewall,Firepower 4112,Cisco Secure Firewall Firepower 4112 by SNMP,templates/Cisco_Secure_Firewall/Cisco_Secure_Firewall__Firepower_4112__zabbix_7_snmp.yaml,Official vendor OS/family documentation,SNMPv2-MIB + IF-MIB baseline; ICMP; interface LLD; triggers; graphs,https://www.cisco.com/site/ca/en/products/security/firewalls/index.html | https://www.cisco.com/c/en/us/td/docs/security/secure-firewall/mib/cisco-secure-firewall-mib-reference-guide.html,
Cisco Secure Firewall,Firepower 4115,Cisco Secure Firewall Firepower 4115 by SNMP,templates/Cisco_Secure_Firewall/Cisco_Secure_Firewall__Firepower_4115__zabbix_7_snmp.yaml,Official vendor OS/family documentation,SNMPv2-MIB + IF-MIB baseline; ICMP; interface LLD; triggers; graphs,https://www.cisco.com/site/ca/en/products/security/firewalls/index.html | https://www.cisco.com/c/en/us/td/docs/security/secure-firewall/mib/cisco-secure-firewall-mib-reference-guide.html,
Cisco Secure Firewall,Firepower 4125,Cisco Secure Firewall Firepower 4125 by SNMP,templates/Cisco_Secure_Firewall/Cisco_Secure_Firewall__Firepower_4125__zabbix_7_snmp.yaml,Official vendor OS/family documentation,SNMPv2-MIB + IF-MIB baseline; ICMP; interface LLD; triggers; graphs,https://www.cisco.com/site/ca/en/products/security/firewalls/index.html | https://www.cisco.com/c/en/us/td/docs/security/secure-firewall/mib/cisco-secure-firewall-mib-reference-guide.html,
Cisco Secure Firewall,Firepower 4145,Cisco Secure Firewall Firepower 4145 by SNMP,templates/Cisco_Secure_Firewall/Cisco_Secure_Firewall__Firepower_4145__zabbix_7_snmp.yaml,Official vendor OS/family documentation,SNMPv2-MIB + IF-MIB baseline; ICMP; interface LLD; triggers; graphs,https://www.cisco.com/site/ca/en/products/security/firewalls/index.html | https://www.cisco.com/c/en/us/td/docs/security/secure-firewall/mib/cisco-secure-firewall-mib-reference-guide.html,
Cisco Secure Firewall,Firepower 9300 SM-40,Cisco Secure Firewall Firepower 9300 SM-40 by SNMP,templates/Cisco_Secure_Firewall/Cisco_Secure_Firewall__Firepower_9300_SM-40__zabbix_7_snmp.yaml,Official vendor OS/family documentation,SNMPv2-MIB + IF-MIB baseline; ICMP; interface LLD; triggers; graphs,https://www.cisco.com/site/ca/en/products/security/firewalls/index.html | https://www.cisco.com/c/en/us/td/docs/security/secure-firewall/mib/cisco-secure-firewall-mib-reference-guide.html,
Cisco Secure Firewall,Firepower 9300 SM-48,Cisco Secure Firewall Firepower 9300 SM-48 by SNMP,templates/Cisco_Secure_Firewall/Cisco_Secure_Firewall__Firepower_9300_SM-48__zabbix_7_snmp.yaml,Official vendor OS/family documentation,SNMPv2-MIB + IF-MIB baseline; ICMP; interface LLD; triggers; graphs,https://www.cisco.com/site/ca/en/products/security/firewalls/index.html | https://www.cisco.com/c/en/us/td/docs/security/secure-firewall/mib/cisco-secure-firewall-mib-reference-guide.html,
Cisco Secure Firewall,Firepower 9300 SM-56,Cisco Secure Firewall Firepower 9300 SM-56 by SNMP,templates/Cisco_Secure_Firewall/Cisco_Secure_Firewall__Firepower_9300_SM-56__zabbix_7_snmp.yaml,Official vendor OS/family documentation,SNMPv2-MIB + IF-MIB baseline; ICMP; interface LLD; triggers; graphs,https://www.cisco.com/site/ca/en/products/security/firewalls/index.html | https://www.cisco.com/c/en/us/td/docs/security/secure-firewall/mib/cisco-secure-firewall-mib-reference-guide.html,
Cisco Secure Firewall,ISA 3000 30002C2F,Cisco Secure Firewall ISA 3000 30002C2F by SNMP,templates/Cisco_Secure_Firewall/Cisco_Secure_Firewall__ISA_3000_30002C2F__zabbix_7_snmp.yaml,Official vendor OS/family documentation,SNMPv2-MIB + IF-MIB baseline; ICMP; interface LLD; triggers; graphs,https://www.cisco.com/site/ca/en/products/security/firewalls/index.html | https://www.cisco.com/c/en/us/td/docs/security/secure-firewall/mib/cisco-secure-firewall-mib-reference-guide.html,
Cisco Secure Firewall,ISA 3000 30004C,Cisco Secure Firewall ISA 3000 30004C by SNMP,templates/Cisco_Secure_Firewall/Cisco_Secure_Firewall__ISA_3000_30004C__zabbix_7_snmp.yaml,Official vendor OS/family documentation,SNMPv2-MIB + IF-MIB baseline; ICMP; interface LLD; triggers; graphs,https://www.cisco.com/site/ca/en/products/security/firewalls/index.html | https://www.cisco.com/c/en/us/td/docs/security/secure-firewall/mib/cisco-secure-firewall-mib-reference-guide.html,
Cisco Secure Firewall,ASAv,Cisco Secure Firewall ASAv by SNMP,templates/Cisco_Secure_Firewall/Cisco_Secure_Firewall__ASAv__zabbix_7_snmp.yaml,Official vendor OS/family documentation,SNMPv2-MIB + IF-MIB baseline; ICMP; interface LLD; triggers; graphs,https://www.cisco.com/site/ca/en/products/security/firewalls/index.html | https://www.cisco.com/c/en/us/td/docs/security/secure-firewall/mib/cisco-secure-firewall-mib-reference-guide.html,
Cisco Secure Firewall,Firewall Threat Defense Virtual,Cisco Secure Firewall Firewall Threat Defense Virtual by SNMP,templates/Cisco_Secure_Firewall/Cisco_Secure_Firewall__Firewall_Threat_Defense_Virtual__zabbix_7_snmp.yaml,Official vendor OS/family documentation,SNMPv2-MIB + IF-MIB baseline; ICMP; interface LLD; triggers; graphs,https://www.cisco.com/site/ca/en/products/security/firewalls/index.html | https://www.cisco.com/c/en/us/td/docs/security/secure-firewall/mib/cisco-secure-firewall-mib-reference-guide.html,
Cisco Meraki,MX67,Cisco Meraki MX67 by SNMP,templates/Cisco_Meraki/Cisco_Meraki__MX67__zabbix_7_snmp.yaml,Official vendor OS/family documentation,SNMPv2-MIB + IF-MIB baseline; ICMP; interface LLD; triggers; graphs,https://meraki.cisco.com/products/appliances/z1 | https://documentation.meraki.com/General_Administration/Monitoring_and_Reporting/SNMP_Overview_and_Configuration,Meraki SNMP is normally exposed through the Meraki Dashboard/cloud SNMP service rather than a conventional device-local SNMP agent. Validate the host/interface design in Zabbix before deployment.
Cisco Meraki,MX67C,Cisco Meraki MX67C by SNMP,templates/Cisco_Meraki/Cisco_Meraki__MX67C__zabbix_7_snmp.yaml,Official vendor OS/family documentation,SNMPv2-MIB + IF-MIB baseline; ICMP; interface LLD; triggers; graphs,https://meraki.cisco.com/products/appliances/z1 | https://documentation.meraki.com/General_Administration/Monitoring_and_Reporting/SNMP_Overview_and_Configuration,Meraki SNMP is normally exposed through the Meraki Dashboard/cloud SNMP service rather than a conventional device-local SNMP agent. Validate the host/interface design in Zabbix before deployment.
Cisco Meraki,MX67W,Cisco Meraki MX67W by SNMP,templates/Cisco_Meraki/Cisco_Meraki__MX67W__zabbix_7_snmp.yaml,Official vendor OS/family documentation,SNMPv2-MIB + IF-MIB baseline; ICMP; interface LLD; triggers; graphs,https://meraki.cisco.com/products/appliances/z1 | https://documentation.meraki.com/General_Administration/Monitoring_and_Reporting/SNMP_Overview_and_Configuration,Meraki SNMP is normally exposed through the Meraki Dashboard/cloud SNMP service rather than a conventional device-local SNMP agent. Validate the host/interface design in Zabbix before deployment.
Cisco Meraki,MX68,Cisco Meraki MX68 by SNMP,templates/Cisco_Meraki/Cisco_Meraki__MX68__zabbix_7_snmp.yaml,Official vendor OS/family documentation,SNMPv2-MIB + IF-MIB baseline; ICMP; interface LLD; triggers; graphs,https://meraki.cisco.com/products/appliances/z1 | https://documentation.meraki.com/General_Administration/Monitoring_and_Reporting/SNMP_Overview_and_Configuration,Meraki SNMP is normally exposed through the Meraki Dashboard/cloud SNMP service rather than a conventional device-local SNMP agent. Validate the host/interface design in Zabbix before deployment.
Cisco Meraki,MX68CW,Cisco Meraki MX68CW by SNMP,templates/Cisco_Meraki/Cisco_Meraki__MX68CW__zabbix_7_snmp.yaml,Official vendor OS/family documentation,SNMPv2-MIB + IF-MIB baseline; ICMP; interface LLD; triggers; graphs,https://meraki.cisco.com/products/appliances/z1 | https://documentation.meraki.com/General_Administration/Monitoring_and_Reporting/SNMP_Overview_and_Configuration,Meraki SNMP is normally exposed through the Meraki Dashboard/cloud SNMP service rather than a conventional device-local SNMP agent. Validate the host/interface design in Zabbix before deployment.
Cisco Meraki,MX68W,Cisco Meraki MX68W by SNMP,templates/Cisco_Meraki/Cisco_Meraki__MX68W__zabbix_7_snmp.yaml,Official vendor OS/family documentation,SNMPv2-MIB + IF-MIB baseline; ICMP; interface LLD; triggers; graphs,https://meraki.cisco.com/products/appliances/z1 | https://documentation.meraki.com/General_Administration/Monitoring_and_Reporting/SNMP_Overview_and_Configuration,Meraki SNMP is normally exposed through the Meraki Dashboard/cloud SNMP service rather than a conventional device-local SNMP agent. Validate the host/interface design in Zabbix before deployment.
Cisco Meraki,MX75,Cisco Meraki MX75 by SNMP,templates/Cisco_Meraki/Cisco_Meraki__MX75__zabbix_7_snmp.yaml,Official vendor OS/family documentation,SNMPv2-MIB + IF-MIB baseline; ICMP; interface LLD; triggers; graphs,https://meraki.cisco.com/products/appliances/z1 | https://documentation.meraki.com/General_Administration/Monitoring_and_Reporting/SNMP_Overview_and_Configuration,Meraki SNMP is normally exposed through the Meraki Dashboard/cloud SNMP service rather than a conventional device-local SNMP agent. Validate the host/interface design in Zabbix before deployment.
Cisco Meraki,MX85,Cisco Meraki MX85 by SNMP,templates/Cisco_Meraki/Cisco_Meraki__MX85__zabbix_7_snmp.yaml,Official vendor OS/family documentation,SNMPv2-MIB + IF-MIB baseline; ICMP; interface LLD; triggers; graphs,https://meraki.cisco.com/products/appliances/z1 | https://documentation.meraki.com/General_Administration/Monitoring_and_Reporting/SNMP_Overview_and_Configuration,Meraki SNMP is normally exposed through the Meraki Dashboard/cloud SNMP service rather than a conventional device-local SNMP agent. Validate the host/interface design in Zabbix before deployment.
Cisco Meraki,MX95,Cisco Meraki MX95 by SNMP,templates/Cisco_Meraki/Cisco_Meraki__MX95__zabbix_7_snmp.yaml,Official vendor OS/family documentation,SNMPv2-MIB + IF-MIB baseline; ICMP; interface LLD; triggers; graphs,https://meraki.cisco.com/products/appliances/z1 | https://documentation.meraki.com/General_Administration/Monitoring_and_Reporting/SNMP_Overview_and_Configuration,Meraki SNMP is normally exposed through the Meraki Dashboard/cloud SNMP service rather than a conventional device-local SNMP agent. Validate the host/interface design in Zabbix before deployment.
Cisco Meraki,MX105,Cisco Meraki MX105 by SNMP,templates/Cisco_Meraki/Cisco_Meraki__MX105__zabbix_7_snmp.yaml,Official vendor OS/family documentation,SNMPv2-MIB + IF-MIB baseline; ICMP; interface LLD; triggers; graphs,https://meraki.cisco.com/products/appliances/z1 | https://documentation.meraki.com/General_Administration/Monitoring_and_Reporting/SNMP_Overview_and_Configuration,Meraki SNMP is normally exposed through the Meraki Dashboard/cloud SNMP service rather than a conventional device-local SNMP agent. Validate the host/interface design in Zabbix before deployment.
Cisco Meraki,MX250,Cisco Meraki MX250 by SNMP,templates/Cisco_Meraki/Cisco_Meraki__MX250__zabbix_7_snmp.yaml,Official vendor OS/family documentation,SNMPv2-MIB + IF-MIB baseline; ICMP; interface LLD; triggers; graphs,https://meraki.cisco.com/products/appliances/z1 | https://documentation.meraki.com/General_Administration/Monitoring_and_Reporting/SNMP_Overview_and_Configuration,Meraki SNMP is normally exposed through the Meraki Dashboard/cloud SNMP service rather than a conventional device-local SNMP agent. Validate the host/interface design in Zabbix before deployment.
Cisco Meraki,MX450,Cisco Meraki MX450 by SNMP,templates/Cisco_Meraki/Cisco_Meraki__MX450__zabbix_7_snmp.yaml,Official vendor OS/family documentation,SNMPv2-MIB + IF-MIB baseline; ICMP; interface LLD; triggers; graphs,https://meraki.cisco.com/products/appliances/z1 | https://documentation.meraki.com/General_Administration/Monitoring_and_Reporting/SNMP_Overview_and_Configuration,Meraki SNMP is normally exposed through the Meraki Dashboard/cloud SNMP service rather than a conventional device-local SNMP agent. Validate the host/interface design in Zabbix before deployment.
Cisco Meraki,vMX Small,Cisco Meraki vMX Small by SNMP,templates/Cisco_Meraki/Cisco_Meraki__vMX_Small__zabbix_7_snmp.yaml,Official vendor OS/family documentation,SNMPv2-MIB + IF-MIB baseline; ICMP; interface LLD; triggers; graphs,https://meraki.cisco.com/products/appliances/z1 | https://documentation.meraki.com/General_Administration/Monitoring_and_Reporting/SNMP_Overview_and_Configuration,Meraki SNMP is normally exposed through the Meraki Dashboard/cloud SNMP service rather than a conventional device-local SNMP agent. Validate the host/interface design in Zabbix before deployment.
Cisco Meraki,vMX Medium,Cisco Meraki vMX Medium by SNMP,templates/Cisco_Meraki/Cisco_Meraki__vMX_Medium__zabbix_7_snmp.yaml,Official vendor OS/family documentation,SNMPv2-MIB + IF-MIB baseline; ICMP; interface LLD; triggers; graphs,https://meraki.cisco.com/products/appliances/z1 | https://documentation.meraki.com/General_Administration/Monitoring_and_Reporting/SNMP_Overview_and_Configuration,Meraki SNMP is normally exposed through the Meraki Dashboard/cloud SNMP service rather than a conventional device-local SNMP agent. Validate the host/interface design in Zabbix before deployment.
Cisco Meraki,vMX Large,Cisco Meraki vMX Large by SNMP,templates/Cisco_Meraki/Cisco_Meraki__vMX_Large__zabbix_7_snmp.yaml,Official vendor OS/family documentation,SNMPv2-MIB + IF-MIB baseline; ICMP; interface LLD; triggers; graphs,https://meraki.cisco.com/products/appliances/z1 | https://documentation.meraki.com/General_Administration/Monitoring_and_Reporting/SNMP_Overview_and_Configuration,Meraki SNMP is normally exposed through the Meraki Dashboard/cloud SNMP service rather than a conventional device-local SNMP agent. Validate the host/interface design in Zabbix before deployment.
Sophos,XGS 87,Sophos XGS 87 by SNMP,templates/Sophos/Sophos__XGS_87__zabbix_7_snmp.yaml,Official vendor OS/family documentation,SNMPv2-MIB + IF-MIB baseline; ICMP; interface LLD; triggers; graphs,https://docs.sophos.com/nsg/sophos-firewall/22.0/Help/en-us/webhelp/onlinehelp/ | https://docs.sophos.com/nsg/sophos-firewall/21.0/Help/en-us/webhelp/onlinehelp/AdministratorHelp/Administration/SNMP/index.html,Enable the SNMP agent and allow SNMP device access from the monitoring zone.
Sophos,XGS 87w,Sophos XGS 87w by SNMP,templates/Sophos/Sophos__XGS_87w__zabbix_7_snmp.yaml,Official vendor OS/family documentation,SNMPv2-MIB + IF-MIB baseline; ICMP; interface LLD; triggers; graphs,https://docs.sophos.com/nsg/sophos-firewall/22.0/Help/en-us/webhelp/onlinehelp/ | https://docs.sophos.com/nsg/sophos-firewall/21.0/Help/en-us/webhelp/onlinehelp/AdministratorHelp/Administration/SNMP/index.html,Enable the SNMP agent and allow SNMP device access from the monitoring zone.
Sophos,XGS 107,Sophos XGS 107 by SNMP,templates/Sophos/Sophos__XGS_107__zabbix_7_snmp.yaml,Official vendor OS/family documentation,SNMPv2-MIB + IF-MIB baseline; ICMP; interface LLD; triggers; graphs,https://docs.sophos.com/nsg/sophos-firewall/22.0/Help/en-us/webhelp/onlinehelp/ | https://docs.sophos.com/nsg/sophos-firewall/21.0/Help/en-us/webhelp/onlinehelp/AdministratorHelp/Administration/SNMP/index.html,Enable the SNMP agent and allow SNMP device access from the monitoring zone.
Sophos,XGS 107w,Sophos XGS 107w by SNMP,templates/Sophos/Sophos__XGS_107w__zabbix_7_snmp.yaml,Official vendor OS/family documentation,SNMPv2-MIB + IF-MIB baseline; ICMP; interface LLD; triggers; graphs,https://docs.sophos.com/nsg/sophos-firewall/22.0/Help/en-us/webhelp/onlinehelp/ | https://docs.sophos.com/nsg/sophos-firewall/21.0/Help/en-us/webhelp/onlinehelp/AdministratorHelp/Administration/SNMP/index.html,Enable the SNMP agent and allow SNMP device access from the monitoring zone.
Sophos,XGS 116,Sophos XGS 116 by SNMP,templates/Sophos/Sophos__XGS_116__zabbix_7_snmp.yaml,Official vendor OS/family documentation,SNMPv2-MIB + IF-MIB baseline; ICMP; interface LLD; triggers; graphs,https://docs.sophos.com/nsg/sophos-firewall/22.0/Help/en-us/webhelp/onlinehelp/ | https://docs.sophos.com/nsg/sophos-firewall/21.0/Help/en-us/webhelp/onlinehelp/AdministratorHelp/Administration/SNMP/index.html,Enable the SNMP agent and allow SNMP device access from the monitoring zone.
Sophos,XGS 116w,Sophos XGS 116w by SNMP,templates/Sophos/Sophos__XGS_116w__zabbix_7_snmp.yaml,Official vendor OS/family documentation,SNMPv2-MIB + IF-MIB baseline; ICMP; interface LLD; triggers; graphs,https://docs.sophos.com/nsg/sophos-firewall/22.0/Help/en-us/webhelp/onlinehelp/ | https://docs.sophos.com/nsg/sophos-firewall/21.0/Help/en-us/webhelp/onlinehelp/AdministratorHelp/Administration/SNMP/index.html,Enable the SNMP agent and allow SNMP device access from the monitoring zone.
Sophos,XGS 126,Sophos XGS 126 by SNMP,templates/Sophos/Sophos__XGS_126__zabbix_7_snmp.yaml,Official vendor OS/family documentation,SNMPv2-MIB + IF-MIB baseline; ICMP; interface LLD; triggers; graphs,https://docs.sophos.com/nsg/sophos-firewall/22.0/Help/en-us/webhelp/onlinehelp/ | https://docs.sophos.com/nsg/sophos-firewall/21.0/Help/en-us/webhelp/onlinehelp/AdministratorHelp/Administration/SNMP/index.html,Enable the SNMP agent and allow SNMP device access from the monitoring zone.
Sophos,XGS 126w,Sophos XGS 126w by SNMP,templates/Sophos/Sophos__XGS_126w__zabbix_7_snmp.yaml,Official vendor OS/family documentation,SNMPv2-MIB + IF-MIB baseline; ICMP; interface LLD; triggers; graphs,https://docs.sophos.com/nsg/sophos-firewall/22.0/Help/en-us/webhelp/onlinehelp/ | https://docs.sophos.com/nsg/sophos-firewall/21.0/Help/en-us/webhelp/onlinehelp/AdministratorHelp/Administration/SNMP/index.html,Enable the SNMP agent and allow SNMP device access from the monitoring zone.
Sophos,XGS 136,Sophos XGS 136 by SNMP,templates/Sophos/Sophos__XGS_136__zabbix_7_snmp.yaml,Official vendor OS/family documentation,SNMPv2-MIB + IF-MIB baseline; ICMP; interface LLD; triggers; graphs,https://docs.sophos.com/nsg/sophos-firewall/22.0/Help/en-us/webhelp/onlinehelp/ | https://docs.sophos.com/nsg/sophos-firewall/21.0/Help/en-us/webhelp/onlinehelp/AdministratorHelp/Administration/SNMP/index.html,Enable the SNMP agent and allow SNMP device access from the monitoring zone.
Sophos,XGS 136w,Sophos XGS 136w by SNMP,templates/Sophos/Sophos__XGS_136w__zabbix_7_snmp.yaml,Official vendor OS/family documentation,SNMPv2-MIB + IF-MIB baseline; ICMP; interface LLD; triggers; graphs,https://docs.sophos.com/nsg/sophos-firewall/22.0/Help/en-us/webhelp/onlinehelp/ | https://docs.sophos.com/nsg/sophos-firewall/21.0/Help/en-us/webhelp/onlinehelp/AdministratorHelp/Administration/SNMP/index.html,Enable the SNMP agent and allow SNMP device access from the monitoring zone.
Sophos,XGS 88,Sophos XGS 88 by SNMP,templates/Sophos/Sophos__XGS_88__zabbix_7_snmp.yaml,Official vendor OS/family documentation,SNMPv2-MIB + IF-MIB baseline; ICMP; interface LLD; triggers; graphs,https://docs.sophos.com/nsg/sophos-firewall/22.0/Help/en-us/webhelp/onlinehelp/ | https://docs.sophos.com/nsg/sophos-firewall/21.0/Help/en-us/webhelp/onlinehelp/AdministratorHelp/Administration/SNMP/index.html,Enable the SNMP agent and allow SNMP device access from the monitoring zone.
Sophos,XGS 88w,Sophos XGS 88w by SNMP,templates/Sophos/Sophos__XGS_88w__zabbix_7_snmp.yaml,Official vendor OS/family documentation,SNMPv2-MIB + IF-MIB baseline; ICMP; interface LLD; triggers; graphs,https://docs.sophos.com/nsg/sophos-firewall/22.0/Help/en-us/webhelp/onlinehelp/ | https://docs.sophos.com/nsg/sophos-firewall/21.0/Help/en-us/webhelp/onlinehelp/AdministratorHelp/Administration/SNMP/index.html,Enable the SNMP agent and allow SNMP device access from the monitoring zone.
Sophos,XGS 108,Sophos XGS 108 by SNMP,templates/Sophos/Sophos__XGS_108__zabbix_7_snmp.yaml,Official vendor OS/family documentation,SNMPv2-MIB + IF-MIB baseline; ICMP; interface LLD; triggers; graphs,https://docs.sophos.com/nsg/sophos-firewall/22.0/Help/en-us/webhelp/onlinehelp/ | https://docs.sophos.com/nsg/sophos-firewall/21.0/Help/en-us/webhelp/onlinehelp/AdministratorHelp/Administration/SNMP/index.html,Enable the SNMP agent and allow SNMP device access from the monitoring zone.
Sophos,XGS 108w,Sophos XGS 108w by SNMP,templates/Sophos/Sophos__XGS_108w__zabbix_7_snmp.yaml,Official vendor OS/family documentation,SNMPv2-MIB + IF-MIB baseline; ICMP; interface LLD; triggers; graphs,https://docs.sophos.com/nsg/sophos-firewall/22.0/Help/en-us/webhelp/onlinehelp/ | https://docs.sophos.com/nsg/sophos-firewall/21.0/Help/en-us/webhelp/onlinehelp/AdministratorHelp/Administration/SNMP/index.html,Enable the SNMP agent and allow SNMP device access from the monitoring zone.
Sophos,XGS 118,Sophos XGS 118 by SNMP,templates/Sophos/Sophos__XGS_118__zabbix_7_snmp.yaml,Official vendor OS/family documentation,SNMPv2-MIB + IF-MIB baseline; ICMP; interface LLD; triggers; graphs,https://docs.sophos.com/nsg/sophos-firewall/22.0/Help/en-us/webhelp/onlinehelp/ | https://docs.sophos.com/nsg/sophos-firewall/21.0/Help/en-us/webhelp/onlinehelp/AdministratorHelp/Administration/SNMP/index.html,Enable the SNMP agent and allow SNMP device access from the monitoring zone.
Sophos,XGS 118w,Sophos XGS 118w by SNMP,templates/Sophos/Sophos__XGS_118w__zabbix_7_snmp.yaml,Official vendor OS/family documentation,SNMPv2-MIB + IF-MIB baseline; ICMP; interface LLD; triggers; graphs,https://docs.sophos.com/nsg/sophos-firewall/22.0/Help/en-us/webhelp/onlinehelp/ | https://docs.sophos.com/nsg/sophos-firewall/21.0/Help/en-us/webhelp/onlinehelp/AdministratorHelp/Administration/SNMP/index.html,Enable the SNMP agent and allow SNMP device access from the monitoring zone.
Sophos,XGS 128,Sophos XGS 128 by SNMP,templates/Sophos/Sophos__XGS_128__zabbix_7_snmp.yaml,Official vendor OS/family documentation,SNMPv2-MIB + IF-MIB baseline; ICMP; interface LLD; triggers; graphs,https://docs.sophos.com/nsg/sophos-firewall/22.0/Help/en-us/webhelp/onlinehelp/ | https://docs.sophos.com/nsg/sophos-firewall/21.0/Help/en-us/webhelp/onlinehelp/AdministratorHelp/Administration/SNMP/index.html,Enable the SNMP agent and allow SNMP device access from the monitoring zone.
Sophos,XGS 128w,Sophos XGS 128w by SNMP,templates/Sophos/Sophos__XGS_128w__zabbix_7_snmp.yaml,Official vendor OS/family documentation,SNMPv2-MIB + IF-MIB baseline; ICMP; interface LLD; triggers; graphs,https://docs.sophos.com/nsg/sophos-firewall/22.0/Help/en-us/webhelp/onlinehelp/ | https://docs.sophos.com/nsg/sophos-firewall/21.0/Help/en-us/webhelp/onlinehelp/AdministratorHelp/Administration/SNMP/index.html,Enable the SNMP agent and allow SNMP device access from the monitoring zone.
Sophos,XGS 138,Sophos XGS 138 by SNMP,templates/Sophos/Sophos__XGS_138__zabbix_7_snmp.yaml,Official vendor OS/family documentation,SNMPv2-MIB + IF-MIB baseline; ICMP; interface LLD; triggers; graphs,https://docs.sophos.com/nsg/sophos-firewall/22.0/Help/en-us/webhelp/onlinehelp/ | https://docs.sophos.com/nsg/sophos-firewall/21.0/Help/en-us/webhelp/onlinehelp/AdministratorHelp/Administration/SNMP/index.html,Enable the SNMP agent and allow SNMP device access from the monitoring zone.
Sophos,XGS 2100,Sophos XGS 2100 by SNMP,templates/Sophos/Sophos__XGS_2100__zabbix_7_snmp.yaml,Official vendor OS/family documentation,SNMPv2-MIB + IF-MIB baseline; ICMP; interface LLD; triggers; graphs,https://docs.sophos.com/nsg/sophos-firewall/22.0/Help/en-us/webhelp/onlinehelp/ | https://docs.sophos.com/nsg/sophos-firewall/21.0/Help/en-us/webhelp/onlinehelp/AdministratorHelp/Administration/SNMP/index.html,Enable the SNMP agent and allow SNMP device access from the monitoring zone.
Sophos,XGS 2300,Sophos XGS 2300 by SNMP,templates/Sophos/Sophos__XGS_2300__zabbix_7_snmp.yaml,Official vendor OS/family documentation,SNMPv2-MIB + IF-MIB baseline; ICMP; interface LLD; triggers; graphs,https://docs.sophos.com/nsg/sophos-firewall/22.0/Help/en-us/webhelp/onlinehelp/ | https://docs.sophos.com/nsg/sophos-firewall/21.0/Help/en-us/webhelp/onlinehelp/AdministratorHelp/Administration/SNMP/index.html,Enable the SNMP agent and allow SNMP device access from the monitoring zone.
Sophos,XGS 3100,Sophos XGS 3100 by SNMP,templates/Sophos/Sophos__XGS_3100__zabbix_7_snmp.yaml,Official vendor OS/family documentation,SNMPv2-MIB + IF-MIB baseline; ICMP; interface LLD; triggers; graphs,https://docs.sophos.com/nsg/sophos-firewall/22.0/Help/en-us/webhelp/onlinehelp/ | https://docs.sophos.com/nsg/sophos-firewall/21.0/Help/en-us/webhelp/onlinehelp/AdministratorHelp/Administration/SNMP/index.html,Enable the SNMP agent and allow SNMP device access from the monitoring zone.
Sophos,XGS 3300,Sophos XGS 3300 by SNMP,templates/Sophos/Sophos__XGS_3300__zabbix_7_snmp.yaml,Official vendor OS/family documentation,SNMPv2-MIB + IF-MIB baseline; ICMP; interface LLD; triggers; graphs,https://docs.sophos.com/nsg/sophos-firewall/22.0/Help/en-us/webhelp/onlinehelp/ | https://docs.sophos.com/nsg/sophos-firewall/21.0/Help/en-us/webhelp/onlinehelp/AdministratorHelp/Administration/SNMP/index.html,Enable the SNMP agent and allow SNMP device access from the monitoring zone.
Sophos,XGS 4300,Sophos XGS 4300 by SNMP,templates/Sophos/Sophos__XGS_4300__zabbix_7_snmp.yaml,Official vendor OS/family documentation,SNMPv2-MIB + IF-MIB baseline; ICMP; interface LLD; triggers; graphs,https://docs.sophos.com/nsg/sophos-firewall/22.0/Help/en-us/webhelp/onlinehelp/ | https://docs.sophos.com/nsg/sophos-firewall/21.0/Help/en-us/webhelp/onlinehelp/AdministratorHelp/Administration/SNMP/index.html,Enable the SNMP agent and allow SNMP device access from the monitoring zone.
Sophos,XGS 4500,Sophos XGS 4500 by SNMP,templates/Sophos/Sophos__XGS_4500__zabbix_7_snmp.yaml,Official vendor OS/family documentation,SNMPv2-MIB + IF-MIB baseline; ICMP; interface LLD; triggers; graphs,https://docs.sophos.com/nsg/sophos-firewall/22.0/Help/en-us/webhelp/onlinehelp/ | https://docs.sophos.com/nsg/sophos-firewall/21.0/Help/en-us/webhelp/onlinehelp/AdministratorHelp/Administration/SNMP/index.html,Enable the SNMP agent and allow SNMP device access from the monitoring zone.
Sophos,XGS 5500,Sophos XGS 5500 by SNMP,templates/Sophos/Sophos__XGS_5500__zabbix_7_snmp.yaml,Official vendor OS/family documentation,SNMPv2-MIB + IF-MIB baseline; ICMP; interface LLD; triggers; graphs,https://docs.sophos.com/nsg/sophos-firewall/22.0/Help/en-us/webhelp/onlinehelp/ | https://docs.sophos.com/nsg/sophos-firewall/21.0/Help/en-us/webhelp/onlinehelp/AdministratorHelp/Administration/SNMP/index.html,Enable the SNMP agent and allow SNMP device access from the monitoring zone.
Sophos,XGS 6500,Sophos XGS 6500 by SNMP,templates/Sophos/Sophos__XGS_6500__zabbix_7_snmp.yaml,Official vendor OS/family documentation,SNMPv2-MIB + IF-MIB baseline; ICMP; interface LLD; triggers; graphs,https://docs.sophos.com/nsg/sophos-firewall/22.0/Help/en-us/webhelp/onlinehelp/ | https://docs.sophos.com/nsg/sophos-firewall/21.0/Help/en-us/webhelp/onlinehelp/AdministratorHelp/Administration/SNMP/index.html,Enable the SNMP agent and allow SNMP device access from the monitoring zone.
Sophos,XGS 7500,Sophos XGS 7500 by SNMP,templates/Sophos/Sophos__XGS_7500__zabbix_7_snmp.yaml,Official vendor OS/family documentation,SNMPv2-MIB + IF-MIB baseline; ICMP; interface LLD; triggers; graphs,https://docs.sophos.com/nsg/sophos-firewall/22.0/Help/en-us/webhelp/onlinehelp/ | https://docs.sophos.com/nsg/sophos-firewall/21.0/Help/en-us/webhelp/onlinehelp/AdministratorHelp/Administration/SNMP/index.html,Enable the SNMP agent and allow SNMP device access from the monitoring zone.
Sophos,XGS 8500,Sophos XGS 8500 by SNMP,templates/Sophos/Sophos__XGS_8500__zabbix_7_snmp.yaml,Official vendor OS/family documentation,SNMPv2-MIB + IF-MIB baseline; ICMP; interface LLD; triggers; graphs,https://docs.sophos.com/nsg/sophos-firewall/22.0/Help/en-us/webhelp/onlinehelp/ | https://docs.sophos.com/nsg/sophos-firewall/21.0/Help/en-us/webhelp/onlinehelp/AdministratorHelp/Administration/SNMP/index.html,Enable the SNMP agent and allow SNMP device access from the monitoring zone.
Sophos,Sophos Firewall Virtual,Sophos Sophos Firewall Virtual by SNMP,templates/Sophos/Sophos__Sophos_Firewall_Virtual__zabbix_7_snmp.yaml,Official vendor OS/family documentation,SNMPv2-MIB + IF-MIB baseline; ICMP; interface LLD; triggers; graphs,https://docs.sophos.com/nsg/sophos-firewall/22.0/Help/en-us/webhelp/onlinehelp/ | https://docs.sophos.com/nsg/sophos-firewall/21.0/Help/en-us/webhelp/onlinehelp/AdministratorHelp/Administration/SNMP/index.html,Enable the SNMP agent and allow SNMP device access from the monitoring zone.
Sophos,Sophos Firewall Software,Sophos Sophos Firewall Software by SNMP,templates/Sophos/Sophos__Sophos_Firewall_Software__zabbix_7_snmp.yaml,Official vendor OS/family documentation,SNMPv2-MIB + IF-MIB baseline; ICMP; interface LLD; triggers; graphs,https://docs.sophos.com/nsg/sophos-firewall/22.0/Help/en-us/webhelp/onlinehelp/ | https://docs.sophos.com/nsg/sophos-firewall/21.0/Help/en-us/webhelp/onlinehelp/AdministratorHelp/Administration/SNMP/index.html,Enable the SNMP agent and allow SNMP device access from the monitoring zone.
SonicWall,TZ80,SonicWall TZ80 by SNMP,templates/SonicWall/SonicWall__TZ80__zabbix_7_snmp.yaml,Official vendor OS/family documentation,SNMPv2-MIB + IF-MIB baseline; ICMP; interface LLD; triggers; graphs,https://www.sonicwall.com/support/technical-documentation/docs/sonicos8-device-settings/Content/SNMP/group-creating.htm | https://www.sonicwall.com/es-mx/support/knowledge-base/sonicwall-gen8-tzs-and-gen8-nsas-settings-migration/kA1VN0000000RrR0AU | https://www.sonicwall.com/support/technical-documentation/docs/sonicos-7-0-0-0-release_notes/Content/Versions/sonicos-7-0-1-13-5161.htm,SonicOS SNMP is disabled by default. Enable SNMP and permit SNMP management on the appropriate interface/zone.
SonicWall,TZ280,SonicWall TZ280 by SNMP,templates/SonicWall/SonicWall__TZ280__zabbix_7_snmp.yaml,Official vendor OS/family documentation,SNMPv2-MIB + IF-MIB baseline; ICMP; interface LLD; triggers; graphs,https://www.sonicwall.com/support/technical-documentation/docs/sonicos8-device-settings/Content/SNMP/group-creating.htm | https://www.sonicwall.com/es-mx/support/knowledge-base/sonicwall-gen8-tzs-and-gen8-nsas-settings-migration/kA1VN0000000RrR0AU | https://www.sonicwall.com/support/technical-documentation/docs/sonicos-7-0-0-0-release_notes/Content/Versions/sonicos-7-0-1-13-5161.htm,SonicOS SNMP is disabled by default. Enable SNMP and permit SNMP management on the appropriate interface/zone.
SonicWall,TZ280W,SonicWall TZ280W by SNMP,templates/SonicWall/SonicWall__TZ280W__zabbix_7_snmp.yaml,Official vendor OS/family documentation,SNMPv2-MIB + IF-MIB baseline; ICMP; interface LLD; triggers; graphs,https://www.sonicwall.com/support/technical-documentation/docs/sonicos8-device-settings/Content/SNMP/group-creating.htm | https://www.sonicwall.com/es-mx/support/knowledge-base/sonicwall-gen8-tzs-and-gen8-nsas-settings-migration/kA1VN0000000RrR0AU | https://www.sonicwall.com/support/technical-documentation/docs/sonicos-7-0-0-0-release_notes/Content/Versions/sonicos-7-0-1-13-5161.htm,SonicOS SNMP is disabled by default. Enable SNMP and permit SNMP management on the appropriate interface/zone.
SonicWall,TZ280P,SonicWall TZ280P by SNMP,templates/SonicWall/SonicWall__TZ280P__zabbix_7_snmp.yaml,Official vendor OS/family documentation,SNMPv2-MIB + IF-MIB baseline; ICMP; interface LLD; triggers; graphs,https://www.sonicwall.com/support/technical-documentation/docs/sonicos8-device-settings/Content/SNMP/group-creating.htm | https://www.sonicwall.com/es-mx/support/knowledge-base/sonicwall-gen8-tzs-and-gen8-nsas-settings-migration/kA1VN0000000RrR0AU | https://www.sonicwall.com/support/technical-documentation/docs/sonicos-7-0-0-0-release_notes/Content/Versions/sonicos-7-0-1-13-5161.htm,SonicOS SNMP is disabled by default. Enable SNMP and permit SNMP management on the appropriate interface/zone.
SonicWall,TZ380,SonicWall TZ380 by SNMP,templates/SonicWall/SonicWall__TZ380__zabbix_7_snmp.yaml,Official vendor OS/family documentation,SNMPv2-MIB + IF-MIB baseline; ICMP; interface LLD; triggers; graphs,https://www.sonicwall.com/support/technical-documentation/docs/sonicos8-device-settings/Content/SNMP/group-creating.htm | https://www.sonicwall.com/es-mx/support/knowledge-base/sonicwall-gen8-tzs-and-gen8-nsas-settings-migration/kA1VN0000000RrR0AU | https://www.sonicwall.com/support/technical-documentation/docs/sonicos-7-0-0-0-release_notes/Content/Versions/sonicos-7-0-1-13-5161.htm,SonicOS SNMP is disabled by default. Enable SNMP and permit SNMP management on the appropriate interface/zone.
SonicWall,TZ380W,SonicWall TZ380W by SNMP,templates/SonicWall/SonicWall__TZ380W__zabbix_7_snmp.yaml,Official vendor OS/family documentation,SNMPv2-MIB + IF-MIB baseline; ICMP; interface LLD; triggers; graphs,https://www.sonicwall.com/support/technical-documentation/docs/sonicos8-device-settings/Content/SNMP/group-creating.htm | https://www.sonicwall.com/es-mx/support/knowledge-base/sonicwall-gen8-tzs-and-gen8-nsas-settings-migration/kA1VN0000000RrR0AU | https://www.sonicwall.com/support/technical-documentation/docs/sonicos-7-0-0-0-release_notes/Content/Versions/sonicos-7-0-1-13-5161.htm,SonicOS SNMP is disabled by default. Enable SNMP and permit SNMP management on the appropriate interface/zone.
SonicWall,TZ480,SonicWall TZ480 by SNMP,templates/SonicWall/SonicWall__TZ480__zabbix_7_snmp.yaml,Official vendor OS/family documentation,SNMPv2-MIB + IF-MIB baseline; ICMP; interface LLD; triggers; graphs,https://www.sonicwall.com/support/technical-documentation/docs/sonicos8-device-settings/Content/SNMP/group-creating.htm | https://www.sonicwall.com/es-mx/support/knowledge-base/sonicwall-gen8-tzs-and-gen8-nsas-settings-migration/kA1VN0000000RrR0AU | https://www.sonicwall.com/support/technical-documentation/docs/sonicos-7-0-0-0-release_notes/Content/Versions/sonicos-7-0-1-13-5161.htm,SonicOS SNMP is disabled by default. Enable SNMP and permit SNMP management on the appropriate interface/zone.
SonicWall,TZ580,SonicWall TZ580 by SNMP,templates/SonicWall/SonicWall__TZ580__zabbix_7_snmp.yaml,Official vendor OS/family documentation,SNMPv2-MIB + IF-MIB baseline; ICMP; interface LLD; triggers; graphs,https://www.sonicwall.com/support/technical-documentation/docs/sonicos8-device-settings/Content/SNMP/group-creating.htm | https://www.sonicwall.com/es-mx/support/knowledge-base/sonicwall-gen8-tzs-and-gen8-nsas-settings-migration/kA1VN0000000RrR0AU | https://www.sonicwall.com/support/technical-documentation/docs/sonicos-7-0-0-0-release_notes/Content/Versions/sonicos-7-0-1-13-5161.htm,SonicOS SNMP is disabled by default. Enable SNMP and permit SNMP management on the appropriate interface/zone.
SonicWall,TZ680,SonicWall TZ680 by SNMP,templates/SonicWall/SonicWall__TZ680__zabbix_7_snmp.yaml,Official vendor OS/family documentation,SNMPv2-MIB + IF-MIB baseline; ICMP; interface LLD; triggers; graphs,https://www.sonicwall.com/support/technical-documentation/docs/sonicos8-device-settings/Content/SNMP/group-creating.htm | https://www.sonicwall.com/es-mx/support/knowledge-base/sonicwall-gen8-tzs-and-gen8-nsas-settings-migration/kA1VN0000000RrR0AU | https://www.sonicwall.com/support/technical-documentation/docs/sonicos-7-0-0-0-release_notes/Content/Versions/sonicos-7-0-1-13-5161.htm,SonicOS SNMP is disabled by default. Enable SNMP and permit SNMP management on the appropriate interface/zone.
SonicWall,NSa 2800,SonicWall NSa 2800 by SNMP,templates/SonicWall/SonicWall__NSa_2800__zabbix_7_snmp.yaml,Official vendor OS/family documentation,SNMPv2-MIB + IF-MIB baseline; ICMP; interface LLD; triggers; graphs,https://www.sonicwall.com/support/technical-documentation/docs/sonicos8-device-settings/Content/SNMP/group-creating.htm | https://www.sonicwall.com/es-mx/support/knowledge-base/sonicwall-gen8-tzs-and-gen8-nsas-settings-migration/kA1VN0000000RrR0AU | https://www.sonicwall.com/support/technical-documentation/docs/sonicos-7-0-0-0-release_notes/Content/Versions/sonicos-7-0-1-13-5161.htm,SonicOS SNMP is disabled by default. Enable SNMP and permit SNMP management on the appropriate interface/zone.
SonicWall,NSa 3800,SonicWall NSa 3800 by SNMP,templates/SonicWall/SonicWall__NSa_3800__zabbix_7_snmp.yaml,Official vendor OS/family documentation,SNMPv2-MIB + IF-MIB baseline; ICMP; interface LLD; triggers; graphs,https://www.sonicwall.com/support/technical-documentation/docs/sonicos8-device-settings/Content/SNMP/group-creating.htm | https://www.sonicwall.com/es-mx/support/knowledge-base/sonicwall-gen8-tzs-and-gen8-nsas-settings-migration/kA1VN0000000RrR0AU | https://www.sonicwall.com/support/technical-documentation/docs/sonicos-7-0-0-0-release_notes/Content/Versions/sonicos-7-0-1-13-5161.htm,SonicOS SNMP is disabled by default. Enable SNMP and permit SNMP management on the appropriate interface/zone.
SonicWall,NSa 4800,SonicWall NSa 4800 by SNMP,templates/SonicWall/SonicWall__NSa_4800__zabbix_7_snmp.yaml,Official vendor OS/family documentation,SNMPv2-MIB + IF-MIB baseline; ICMP; interface LLD; triggers; graphs,https://www.sonicwall.com/support/technical-documentation/docs/sonicos8-device-settings/Content/SNMP/group-creating.htm | https://www.sonicwall.com/es-mx/support/knowledge-base/sonicwall-gen8-tzs-and-gen8-nsas-settings-migration/kA1VN0000000RrR0AU | https://www.sonicwall.com/support/technical-documentation/docs/sonicos-7-0-0-0-release_notes/Content/Versions/sonicos-7-0-1-13-5161.htm,SonicOS SNMP is disabled by default. Enable SNMP and permit SNMP management on the appropriate interface/zone.
SonicWall,NSa 5800,SonicWall NSa 5800 by SNMP,templates/SonicWall/SonicWall__NSa_5800__zabbix_7_snmp.yaml,Official vendor OS/family documentation,SNMPv2-MIB + IF-MIB baseline; ICMP; interface LLD; triggers; graphs,https://www.sonicwall.com/support/technical-documentation/docs/sonicos8-device-settings/Content/SNMP/group-creating.htm | https://www.sonicwall.com/es-mx/support/knowledge-base/sonicwall-gen8-tzs-and-gen8-nsas-settings-migration/kA1VN0000000RrR0AU | https://www.sonicwall.com/support/technical-documentation/docs/sonicos-7-0-0-0-release_notes/Content/Versions/sonicos-7-0-1-13-5161.htm,SonicOS SNMP is disabled by default. Enable SNMP and permit SNMP management on the appropriate interface/zone.
SonicWall,NSa 6800,SonicWall NSa 6800 by SNMP,templates/SonicWall/SonicWall__NSa_6800__zabbix_7_snmp.yaml,Official vendor OS/family documentation,SNMPv2-MIB + IF-MIB baseline; ICMP; interface LLD; triggers; graphs,https://www.sonicwall.com/support/technical-documentation/docs/sonicos8-device-settings/Content/SNMP/group-creating.htm | https://www.sonicwall.com/es-mx/support/knowledge-base/sonicwall-gen8-tzs-and-gen8-nsas-settings-migration/kA1VN0000000RrR0AU | https://www.sonicwall.com/support/technical-documentation/docs/sonicos-7-0-0-0-release_notes/Content/Versions/sonicos-7-0-1-13-5161.htm,SonicOS SNMP is disabled by default. Enable SNMP and permit SNMP management on the appropriate interface/zone.
SonicWall,TZ270,SonicWall TZ270 by SNMP,templates/SonicWall/SonicWall__TZ270__zabbix_7_snmp.yaml,Official vendor OS/family documentation,SNMPv2-MIB + IF-MIB baseline; ICMP; interface LLD; triggers; graphs,https://www.sonicwall.com/support/technical-documentation/docs/sonicos8-device-settings/Content/SNMP/group-creating.htm | https://www.sonicwall.com/es-mx/support/knowledge-base/sonicwall-gen8-tzs-and-gen8-nsas-settings-migration/kA1VN0000000RrR0AU | https://www.sonicwall.com/support/technical-documentation/docs/sonicos-7-0-0-0-release_notes/Content/Versions/sonicos-7-0-1-13-5161.htm,SonicOS SNMP is disabled by default. Enable SNMP and permit SNMP management on the appropriate interface/zone.
SonicWall,TZ270W,SonicWall TZ270W by SNMP,templates/SonicWall/SonicWall__TZ270W__zabbix_7_snmp.yaml,Official vendor OS/family documentation,SNMPv2-MIB + IF-MIB baseline; ICMP; interface LLD; triggers; graphs,https://www.sonicwall.com/support/technical-documentation/docs/sonicos8-device-settings/Content/SNMP/group-creating.htm | https://www.sonicwall.com/es-mx/support/knowledge-base/sonicwall-gen8-tzs-and-gen8-nsas-settings-migration/kA1VN0000000RrR0AU | https://www.sonicwall.com/support/technical-documentation/docs/sonicos-7-0-0-0-release_notes/Content/Versions/sonicos-7-0-1-13-5161.htm,SonicOS SNMP is disabled by default. Enable SNMP and permit SNMP management on the appropriate interface/zone.
SonicWall,TZ370,SonicWall TZ370 by SNMP,templates/SonicWall/SonicWall__TZ370__zabbix_7_snmp.yaml,Official vendor OS/family documentation,SNMPv2-MIB + IF-MIB baseline; ICMP; interface LLD; triggers; graphs,https://www.sonicwall.com/support/technical-documentation/docs/sonicos8-device-settings/Content/SNMP/group-creating.htm | https://www.sonicwall.com/es-mx/support/knowledge-base/sonicwall-gen8-tzs-and-gen8-nsas-settings-migration/kA1VN0000000RrR0AU | https://www.sonicwall.com/support/technical-documentation/docs/sonicos-7-0-0-0-release_notes/Content/Versions/sonicos-7-0-1-13-5161.htm,SonicOS SNMP is disabled by default. Enable SNMP and permit SNMP management on the appropriate interface/zone.
SonicWall,TZ370W,SonicWall TZ370W by SNMP,templates/SonicWall/SonicWall__TZ370W__zabbix_7_snmp.yaml,Official vendor OS/family documentation,SNMPv2-MIB + IF-MIB baseline; ICMP; interface LLD; triggers; graphs,https://www.sonicwall.com/support/technical-documentation/docs/sonicos8-device-settings/Content/SNMP/group-creating.htm | https://www.sonicwall.com/es-mx/support/knowledge-base/sonicwall-gen8-tzs-and-gen8-nsas-settings-migration/kA1VN0000000RrR0AU | https://www.sonicwall.com/support/technical-documentation/docs/sonicos-7-0-0-0-release_notes/Content/Versions/sonicos-7-0-1-13-5161.htm,SonicOS SNMP is disabled by default. Enable SNMP and permit SNMP management on the appropriate interface/zone.
SonicWall,TZ470,SonicWall TZ470 by SNMP,templates/SonicWall/SonicWall__TZ470__zabbix_7_snmp.yaml,Official vendor OS/family documentation,SNMPv2-MIB + IF-MIB baseline; ICMP; interface LLD; triggers; graphs,https://www.sonicwall.com/support/technical-documentation/docs/sonicos8-device-settings/Content/SNMP/group-creating.htm | https://www.sonicwall.com/es-mx/support/knowledge-base/sonicwall-gen8-tzs-and-gen8-nsas-settings-migration/kA1VN0000000RrR0AU | https://www.sonicwall.com/support/technical-documentation/docs/sonicos-7-0-0-0-release_notes/Content/Versions/sonicos-7-0-1-13-5161.htm,SonicOS SNMP is disabled by default. Enable SNMP and permit SNMP management on the appropriate interface/zone.
SonicWall,TZ470W,SonicWall TZ470W by SNMP,templates/SonicWall/SonicWall__TZ470W__zabbix_7_snmp.yaml,Official vendor OS/family documentation,SNMPv2-MIB + IF-MIB baseline; ICMP; interface LLD; triggers; graphs,https://www.sonicwall.com/support/technical-documentation/docs/sonicos8-device-settings/Content/SNMP/group-creating.htm | https://www.sonicwall.com/es-mx/support/knowledge-base/sonicwall-gen8-tzs-and-gen8-nsas-settings-migration/kA1VN0000000RrR0AU | https://www.sonicwall.com/support/technical-documentation/docs/sonicos-7-0-0-0-release_notes/Content/Versions/sonicos-7-0-1-13-5161.htm,SonicOS SNMP is disabled by default. Enable SNMP and permit SNMP management on the appropriate interface/zone.
SonicWall,TZ570,SonicWall TZ570 by SNMP,templates/SonicWall/SonicWall__TZ570__zabbix_7_snmp.yaml,Official vendor OS/family documentation,SNMPv2-MIB + IF-MIB baseline; ICMP; interface LLD; triggers; graphs,https://www.sonicwall.com/support/technical-documentation/docs/sonicos8-device-settings/Content/SNMP/group-creating.htm | https://www.sonicwall.com/es-mx/support/knowledge-base/sonicwall-gen8-tzs-and-gen8-nsas-settings-migration/kA1VN0000000RrR0AU | https://www.sonicwall.com/support/technical-documentation/docs/sonicos-7-0-0-0-release_notes/Content/Versions/sonicos-7-0-1-13-5161.htm,SonicOS SNMP is disabled by default. Enable SNMP and permit SNMP management on the appropriate interface/zone.
SonicWall,TZ570W,SonicWall TZ570W by SNMP,templates/SonicWall/SonicWall__TZ570W__zabbix_7_snmp.yaml,Official vendor OS/family documentation,SNMPv2-MIB + IF-MIB baseline; ICMP; interface LLD; triggers; graphs,https://www.sonicwall.com/support/technical-documentation/docs/sonicos8-device-settings/Content/SNMP/group-creating.htm | https://www.sonicwall.com/es-mx/support/knowledge-base/sonicwall-gen8-tzs-and-gen8-nsas-settings-migration/kA1VN0000000RrR0AU | https://www.sonicwall.com/support/technical-documentation/docs/sonicos-7-0-0-0-release_notes/Content/Versions/sonicos-7-0-1-13-5161.htm,SonicOS SNMP is disabled by default. Enable SNMP and permit SNMP management on the appropriate interface/zone.
SonicWall,TZ570P,SonicWall TZ570P by SNMP,templates/SonicWall/SonicWall__TZ570P__zabbix_7_snmp.yaml,Official vendor OS/family documentation,SNMPv2-MIB + IF-MIB baseline; ICMP; interface LLD; triggers; graphs,https://www.sonicwall.com/support/technical-documentation/docs/sonicos8-device-settings/Content/SNMP/group-creating.htm | https://www.sonicwall.com/es-mx/support/knowledge-base/sonicwall-gen8-tzs-and-gen8-nsas-settings-migration/kA1VN0000000RrR0AU | https://www.sonicwall.com/support/technical-documentation/docs/sonicos-7-0-0-0-release_notes/Content/Versions/sonicos-7-0-1-13-5161.htm,SonicOS SNMP is disabled by default. Enable SNMP and permit SNMP management on the appropriate interface/zone.
SonicWall,TZ670,SonicWall TZ670 by SNMP,templates/SonicWall/SonicWall__TZ670__zabbix_7_snmp.yaml,Official vendor OS/family documentation,SNMPv2-MIB + IF-MIB baseline; ICMP; interface LLD; triggers; graphs,https://www.sonicwall.com/support/technical-documentation/docs/sonicos8-device-settings/Content/SNMP/group-creating.htm | https://www.sonicwall.com/es-mx/support/knowledge-base/sonicwall-gen8-tzs-and-gen8-nsas-settings-migration/kA1VN0000000RrR0AU | https://www.sonicwall.com/support/technical-documentation/docs/sonicos-7-0-0-0-release_notes/Content/Versions/sonicos-7-0-1-13-5161.htm,SonicOS SNMP is disabled by default. Enable SNMP and permit SNMP management on the appropriate interface/zone.
SonicWall,NSa 2700,SonicWall NSa 2700 by SNMP,templates/SonicWall/SonicWall__NSa_2700__zabbix_7_snmp.yaml,Official vendor OS/family documentation,SNMPv2-MIB + IF-MIB baseline; ICMP; interface LLD; triggers; graphs,https://www.sonicwall.com/support/technical-documentation/docs/sonicos8-device-settings/Content/SNMP/group-creating.htm | https://www.sonicwall.com/es-mx/support/knowledge-base/sonicwall-gen8-tzs-and-gen8-nsas-settings-migration/kA1VN0000000RrR0AU | https://www.sonicwall.com/support/technical-documentation/docs/sonicos-7-0-0-0-release_notes/Content/Versions/sonicos-7-0-1-13-5161.htm,SonicOS SNMP is disabled by default. Enable SNMP and permit SNMP management on the appropriate interface/zone.
SonicWall,NSa 3700,SonicWall NSa 3700 by SNMP,templates/SonicWall/SonicWall__NSa_3700__zabbix_7_snmp.yaml,Official vendor OS/family documentation,SNMPv2-MIB + IF-MIB baseline; ICMP; interface LLD; triggers; graphs,https://www.sonicwall.com/support/technical-documentation/docs/sonicos8-device-settings/Content/SNMP/group-creating.htm | https://www.sonicwall.com/es-mx/support/knowledge-base/sonicwall-gen8-tzs-and-gen8-nsas-settings-migration/kA1VN0000000RrR0AU | https://www.sonicwall.com/support/technical-documentation/docs/sonicos-7-0-0-0-release_notes/Content/Versions/sonicos-7-0-1-13-5161.htm,SonicOS SNMP is disabled by default. Enable SNMP and permit SNMP management on the appropriate interface/zone.
SonicWall,NSa 4700,SonicWall NSa 4700 by SNMP,templates/SonicWall/SonicWall__NSa_4700__zabbix_7_snmp.yaml,Official vendor OS/family documentation,SNMPv2-MIB + IF-MIB baseline; ICMP; interface LLD; triggers; graphs,https://www.sonicwall.com/support/technical-documentation/docs/sonicos8-device-settings/Content/SNMP/group-creating.htm | https://www.sonicwall.com/es-mx/support/knowledge-base/sonicwall-gen8-tzs-and-gen8-nsas-settings-migration/kA1VN0000000RrR0AU | https://www.sonicwall.com/support/technical-documentation/docs/sonicos-7-0-0-0-release_notes/Content/Versions/sonicos-7-0-1-13-5161.htm,SonicOS SNMP is disabled by default. Enable SNMP and permit SNMP management on the appropriate interface/zone.
SonicWall,NSa 5700,SonicWall NSa 5700 by SNMP,templates/SonicWall/SonicWall__NSa_5700__zabbix_7_snmp.yaml,Official vendor OS/family documentation,SNMPv2-MIB + IF-MIB baseline; ICMP; interface LLD; triggers; graphs,https://www.sonicwall.com/support/technical-documentation/docs/sonicos8-device-settings/Content/SNMP/group-creating.htm | https://www.sonicwall.com/es-mx/support/knowledge-base/sonicwall-gen8-tzs-and-gen8-nsas-settings-migration/kA1VN0000000RrR0AU | https://www.sonicwall.com/support/technical-documentation/docs/sonicos-7-0-0-0-release_notes/Content/Versions/sonicos-7-0-1-13-5161.htm,SonicOS SNMP is disabled by default. Enable SNMP and permit SNMP management on the appropriate interface/zone.
SonicWall,NSa 6700,SonicWall NSa 6700 by SNMP,templates/SonicWall/SonicWall__NSa_6700__zabbix_7_snmp.yaml,Official vendor OS/family documentation,SNMPv2-MIB + IF-MIB baseline; ICMP; interface LLD; triggers; graphs,https://www.sonicwall.com/support/technical-documentation/docs/sonicos8-device-settings/Content/SNMP/group-creating.htm | https://www.sonicwall.com/es-mx/support/knowledge-base/sonicwall-gen8-tzs-and-gen8-nsas-settings-migration/kA1VN0000000RrR0AU | https://www.sonicwall.com/support/technical-documentation/docs/sonicos-7-0-0-0-release_notes/Content/Versions/sonicos-7-0-1-13-5161.htm,SonicOS SNMP is disabled by default. Enable SNMP and permit SNMP management on the appropriate interface/zone.
SonicWall,NSsp 10700,SonicWall NSsp 10700 by SNMP,templates/SonicWall/SonicWall__NSsp_10700__zabbix_7_snmp.yaml,Official vendor OS/family documentation,SNMPv2-MIB + IF-MIB baseline; ICMP; interface LLD; triggers; graphs,https://www.sonicwall.com/support/technical-documentation/docs/sonicos8-device-settings/Content/SNMP/group-creating.htm | https://www.sonicwall.com/es-mx/support/knowledge-base/sonicwall-gen8-tzs-and-gen8-nsas-settings-migration/kA1VN0000000RrR0AU | https://www.sonicwall.com/support/technical-documentation/docs/sonicos-7-0-0-0-release_notes/Content/Versions/sonicos-7-0-1-13-5161.htm,SonicOS SNMP is disabled by default. Enable SNMP and permit SNMP management on the appropriate interface/zone.
SonicWall,NSsp 11700,SonicWall NSsp 11700 by SNMP,templates/SonicWall/SonicWall__NSsp_11700__zabbix_7_snmp.yaml,Official vendor OS/family documentation,SNMPv2-MIB + IF-MIB baseline; ICMP; interface LLD; triggers; graphs,https://www.sonicwall.com/support/technical-documentation/docs/sonicos8-device-settings/Content/SNMP/group-creating.htm | https://www.sonicwall.com/es-mx/support/knowledge-base/sonicwall-gen8-tzs-and-gen8-nsas-settings-migration/kA1VN0000000RrR0AU | https://www.sonicwall.com/support/technical-documentation/docs/sonicos-7-0-0-0-release_notes/Content/Versions/sonicos-7-0-1-13-5161.htm,SonicOS SNMP is disabled by default. Enable SNMP and permit SNMP management on the appropriate interface/zone.
SonicWall,NSsp 13700,SonicWall NSsp 13700 by SNMP,templates/SonicWall/SonicWall__NSsp_13700__zabbix_7_snmp.yaml,Official vendor OS/family documentation,SNMPv2-MIB + IF-MIB baseline; ICMP; interface LLD; triggers; graphs,https://www.sonicwall.com/support/technical-documentation/docs/sonicos8-device-settings/Content/SNMP/group-creating.htm | https://www.sonicwall.com/es-mx/support/knowledge-base/sonicwall-gen8-tzs-and-gen8-nsas-settings-migration/kA1VN0000000RrR0AU | https://www.sonicwall.com/support/technical-documentation/docs/sonicos-7-0-0-0-release_notes/Content/Versions/sonicos-7-0-1-13-5161.htm,SonicOS SNMP is disabled by default. Enable SNMP and permit SNMP management on the appropriate interface/zone.
SonicWall,NSsp 15700,SonicWall NSsp 15700 by SNMP,templates/SonicWall/SonicWall__NSsp_15700__zabbix_7_snmp.yaml,Official vendor OS/family documentation,SNMPv2-MIB + IF-MIB baseline; ICMP; interface LLD; triggers; graphs,https://www.sonicwall.com/support/technical-documentation/docs/sonicos8-device-settings/Content/SNMP/group-creating.htm | https://www.sonicwall.com/es-mx/support/knowledge-base/sonicwall-gen8-tzs-and-gen8-nsas-settings-migration/kA1VN0000000RrR0AU | https://www.sonicwall.com/support/technical-documentation/docs/sonicos-7-0-0-0-release_notes/Content/Versions/sonicos-7-0-1-13-5161.htm,SonicOS SNMP is disabled by default. Enable SNMP and permit SNMP management on the appropriate interface/zone.
SonicWall,NSv XS,SonicWall NSv XS by SNMP,templates/SonicWall/SonicWall__NSv_XS__zabbix_7_snmp.yaml,Official vendor OS/family documentation,SNMPv2-MIB + IF-MIB baseline; ICMP; interface LLD; triggers; graphs,https://www.sonicwall.com/support/technical-documentation/docs/sonicos8-device-settings/Content/SNMP/group-creating.htm | https://www.sonicwall.com/es-mx/support/knowledge-base/sonicwall-gen8-tzs-and-gen8-nsas-settings-migration/kA1VN0000000RrR0AU | https://www.sonicwall.com/support/technical-documentation/docs/sonicos-7-0-0-0-release_notes/Content/Versions/sonicos-7-0-1-13-5161.htm,SonicOS SNMP is disabled by default. Enable SNMP and permit SNMP management on the appropriate interface/zone.
SonicWall,NSv S,SonicWall NSv S by SNMP,templates/SonicWall/SonicWall__NSv_S__zabbix_7_snmp.yaml,Official vendor OS/family documentation,SNMPv2-MIB + IF-MIB baseline; ICMP; interface LLD; triggers; graphs,https://www.sonicwall.com/support/technical-documentation/docs/sonicos8-device-settings/Content/SNMP/group-creating.htm | https://www.sonicwall.com/es-mx/support/knowledge-base/sonicwall-gen8-tzs-and-gen8-nsas-settings-migration/kA1VN0000000RrR0AU | https://www.sonicwall.com/support/technical-documentation/docs/sonicos-7-0-0-0-release_notes/Content/Versions/sonicos-7-0-1-13-5161.htm,SonicOS SNMP is disabled by default. Enable SNMP and permit SNMP management on the appropriate interface/zone.
SonicWall,NSv M,SonicWall NSv M by SNMP,templates/SonicWall/SonicWall__NSv_M__zabbix_7_snmp.yaml,Official vendor OS/family documentation,SNMPv2-MIB + IF-MIB baseline; ICMP; interface LLD; triggers; graphs,https://www.sonicwall.com/support/technical-documentation/docs/sonicos8-device-settings/Content/SNMP/group-creating.htm | https://www.sonicwall.com/es-mx/support/knowledge-base/sonicwall-gen8-tzs-and-gen8-nsas-settings-migration/kA1VN0000000RrR0AU | https://www.sonicwall.com/support/technical-documentation/docs/sonicos-7-0-0-0-release_notes/Content/Versions/sonicos-7-0-1-13-5161.htm,SonicOS SNMP is disabled by default. Enable SNMP and permit SNMP management on the appropriate interface/zone.
SonicWall,NSv L,SonicWall NSv L by SNMP,templates/SonicWall/SonicWall__NSv_L__zabbix_7_snmp.yaml,Official vendor OS/family documentation,SNMPv2-MIB + IF-MIB baseline; ICMP; interface LLD; triggers; graphs,https://www.sonicwall.com/support/technical-documentation/docs/sonicos8-device-settings/Content/SNMP/group-creating.htm | https://www.sonicwall.com/es-mx/support/knowledge-base/sonicwall-gen8-tzs-and-gen8-nsas-settings-migration/kA1VN0000000RrR0AU | https://www.sonicwall.com/support/technical-documentation/docs/sonicos-7-0-0-0-release_notes/Content/Versions/sonicos-7-0-1-13-5161.htm,SonicOS SNMP is disabled by default. Enable SNMP and permit SNMP management on the appropriate interface/zone.
SonicWall,NSv 270,SonicWall NSv 270 by SNMP,templates/SonicWall/SonicWall__NSv_270__zabbix_7_snmp.yaml,Official vendor OS/family documentation,SNMPv2-MIB + IF-MIB baseline; ICMP; interface LLD; triggers; graphs,https://www.sonicwall.com/support/technical-documentation/docs/sonicos8-device-settings/Content/SNMP/group-creating.htm | https://www.sonicwall.com/es-mx/support/knowledge-base/sonicwall-gen8-tzs-and-gen8-nsas-settings-migration/kA1VN0000000RrR0AU | https://www.sonicwall.com/support/technical-documentation/docs/sonicos-7-0-0-0-release_notes/Content/Versions/sonicos-7-0-1-13-5161.htm,SonicOS SNMP is disabled by default. Enable SNMP and permit SNMP management on the appropriate interface/zone.
SonicWall,NSv 470,SonicWall NSv 470 by SNMP,templates/SonicWall/SonicWall__NSv_470__zabbix_7_snmp.yaml,Official vendor OS/family documentation,SNMPv2-MIB + IF-MIB baseline; ICMP; interface LLD; triggers; graphs,https://www.sonicwall.com/support/technical-documentation/docs/sonicos8-device-settings/Content/SNMP/group-creating.htm | https://www.sonicwall.com/es-mx/support/knowledge-base/sonicwall-gen8-tzs-and-gen8-nsas-settings-migration/kA1VN0000000RrR0AU | https://www.sonicwall.com/support/technical-documentation/docs/sonicos-7-0-0-0-release_notes/Content/Versions/sonicos-7-0-1-13-5161.htm,SonicOS SNMP is disabled by default. Enable SNMP and permit SNMP management on the appropriate interface/zone.
SonicWall,NSv 870,SonicWall NSv 870 by SNMP,templates/SonicWall/SonicWall__NSv_870__zabbix_7_snmp.yaml,Official vendor OS/family documentation,SNMPv2-MIB + IF-MIB baseline; ICMP; interface LLD; triggers; graphs,https://www.sonicwall.com/support/technical-documentation/docs/sonicos8-device-settings/Content/SNMP/group-creating.htm | https://www.sonicwall.com/es-mx/support/knowledge-base/sonicwall-gen8-tzs-and-gen8-nsas-settings-migration/kA1VN0000000RrR0AU | https://www.sonicwall.com/support/technical-documentation/docs/sonicos-7-0-0-0-release_notes/Content/Versions/sonicos-7-0-1-13-5161.htm,SonicOS SNMP is disabled by default. Enable SNMP and permit SNMP management on the appropriate interface/zone.
WatchGuard,Firebox T40,WatchGuard Firebox T40 by SNMP,templates/WatchGuard/WatchGuard__Firebox_T40__zabbix_7_snmp.yaml,Official vendor OS/family documentation,SNMPv2-MIB + IF-MIB baseline; ICMP; interface LLD; triggers; graphs,https://www.watchguard.com/help/docs/help-center/en-US/Content/en-US/Hardware-Guides/intro/firebox-hardware-guides.html | https://www.watchguard.com/help/docs/help-center/en-US/Content/en-US/Fireware/system_status/snmp_about_c.html,
WatchGuard,Firebox T40-W,WatchGuard Firebox T40-W by SNMP,templates/WatchGuard/WatchGuard__Firebox_T40-W__zabbix_7_snmp.yaml,Official vendor OS/family documentation,SNMPv2-MIB + IF-MIB baseline; ICMP; interface LLD; triggers; graphs,https://www.watchguard.com/help/docs/help-center/en-US/Content/en-US/Hardware-Guides/intro/firebox-hardware-guides.html | https://www.watchguard.com/help/docs/help-center/en-US/Content/en-US/Fireware/system_status/snmp_about_c.html,
WatchGuard,Firebox T45,WatchGuard Firebox T45 by SNMP,templates/WatchGuard/WatchGuard__Firebox_T45__zabbix_7_snmp.yaml,Official vendor OS/family documentation,SNMPv2-MIB + IF-MIB baseline; ICMP; interface LLD; triggers; graphs,https://www.watchguard.com/help/docs/help-center/en-US/Content/en-US/Hardware-Guides/intro/firebox-hardware-guides.html | https://www.watchguard.com/help/docs/help-center/en-US/Content/en-US/Fireware/system_status/snmp_about_c.html,
WatchGuard,Firebox T45-PoE,WatchGuard Firebox T45-PoE by SNMP,templates/WatchGuard/WatchGuard__Firebox_T45-PoE__zabbix_7_snmp.yaml,Official vendor OS/family documentation,SNMPv2-MIB + IF-MIB baseline; ICMP; interface LLD; triggers; graphs,https://www.watchguard.com/help/docs/help-center/en-US/Content/en-US/Hardware-Guides/intro/firebox-hardware-guides.html | https://www.watchguard.com/help/docs/help-center/en-US/Content/en-US/Fireware/system_status/snmp_about_c.html,
WatchGuard,Firebox T45-W-PoE,WatchGuard Firebox T45-W-PoE by SNMP,templates/WatchGuard/WatchGuard__Firebox_T45-W-PoE__zabbix_7_snmp.yaml,Official vendor OS/family documentation,SNMPv2-MIB + IF-MIB baseline; ICMP; interface LLD; triggers; graphs,https://www.watchguard.com/help/docs/help-center/en-US/Content/en-US/Hardware-Guides/intro/firebox-hardware-guides.html | https://www.watchguard.com/help/docs/help-center/en-US/Content/en-US/Fireware/system_status/snmp_about_c.html,
WatchGuard,Firebox T45-CW,WatchGuard Firebox T45-CW by SNMP,templates/WatchGuard/WatchGuard__Firebox_T45-CW__zabbix_7_snmp.yaml,Official vendor OS/family documentation,SNMPv2-MIB + IF-MIB baseline; ICMP; interface LLD; triggers; graphs,https://www.watchguard.com/help/docs/help-center/en-US/Content/en-US/Hardware-Guides/intro/firebox-hardware-guides.html | https://www.watchguard.com/help/docs/help-center/en-US/Content/en-US/Fireware/system_status/snmp_about_c.html,
WatchGuard,Firebox T80,WatchGuard Firebox T80 by SNMP,templates/WatchGuard/WatchGuard__Firebox_T80__zabbix_7_snmp.yaml,Official vendor OS/family documentation,SNMPv2-MIB + IF-MIB baseline; ICMP; interface LLD; triggers; graphs,https://www.watchguard.com/help/docs/help-center/en-US/Content/en-US/Hardware-Guides/intro/firebox-hardware-guides.html | https://www.watchguard.com/help/docs/help-center/en-US/Content/en-US/Fireware/system_status/snmp_about_c.html,
WatchGuard,Firebox T85-PoE,WatchGuard Firebox T85-PoE by SNMP,templates/WatchGuard/WatchGuard__Firebox_T85-PoE__zabbix_7_snmp.yaml,Official vendor OS/family documentation,SNMPv2-MIB + IF-MIB baseline; ICMP; interface LLD; triggers; graphs,https://www.watchguard.com/help/docs/help-center/en-US/Content/en-US/Hardware-Guides/intro/firebox-hardware-guides.html | https://www.watchguard.com/help/docs/help-center/en-US/Content/en-US/Fireware/system_status/snmp_about_c.html,
WatchGuard,Firebox T115-W,WatchGuard Firebox T115-W by SNMP,templates/WatchGuard/WatchGuard__Firebox_T115-W__zabbix_7_snmp.yaml,Official vendor OS/family documentation,SNMPv2-MIB + IF-MIB baseline; ICMP; interface LLD; triggers; graphs,https://www.watchguard.com/help/docs/help-center/en-US/Content/en-US/Hardware-Guides/intro/firebox-hardware-guides.html | https://www.watchguard.com/help/docs/help-center/en-US/Content/en-US/Fireware/system_status/snmp_about_c.html,
WatchGuard,Firebox T125,WatchGuard Firebox T125 by SNMP,templates/WatchGuard/WatchGuard__Firebox_T125__zabbix_7_snmp.yaml,Official vendor OS/family documentation,SNMPv2-MIB + IF-MIB baseline; ICMP; interface LLD; triggers; graphs,https://www.watchguard.com/help/docs/help-center/en-US/Content/en-US/Hardware-Guides/intro/firebox-hardware-guides.html | https://www.watchguard.com/help/docs/help-center/en-US/Content/en-US/Fireware/system_status/snmp_about_c.html,
WatchGuard,Firebox T125-W,WatchGuard Firebox T125-W by SNMP,templates/WatchGuard/WatchGuard__Firebox_T125-W__zabbix_7_snmp.yaml,Official vendor OS/family documentation,SNMPv2-MIB + IF-MIB baseline; ICMP; interface LLD; triggers; graphs,https://www.watchguard.com/help/docs/help-center/en-US/Content/en-US/Hardware-Guides/intro/firebox-hardware-guides.html | https://www.watchguard.com/help/docs/help-center/en-US/Content/en-US/Fireware/system_status/snmp_about_c.html,
WatchGuard,Firebox T145,WatchGuard Firebox T145 by SNMP,templates/WatchGuard/WatchGuard__Firebox_T145__zabbix_7_snmp.yaml,Official vendor OS/family documentation,SNMPv2-MIB + IF-MIB baseline; ICMP; interface LLD; triggers; graphs,https://www.watchguard.com/help/docs/help-center/en-US/Content/en-US/Hardware-Guides/intro/firebox-hardware-guides.html | https://www.watchguard.com/help/docs/help-center/en-US/Content/en-US/Fireware/system_status/snmp_about_c.html,
WatchGuard,Firebox T145-W,WatchGuard Firebox T145-W by SNMP,templates/WatchGuard/WatchGuard__Firebox_T145-W__zabbix_7_snmp.yaml,Official vendor OS/family documentation,SNMPv2-MIB + IF-MIB baseline; ICMP; interface LLD; triggers; graphs,https://www.watchguard.com/help/docs/help-center/en-US/Content/en-US/Hardware-Guides/intro/firebox-hardware-guides.html | https://www.watchguard.com/help/docs/help-center/en-US/Content/en-US/Fireware/system_status/snmp_about_c.html,
WatchGuard,Firebox T185,WatchGuard Firebox T185 by SNMP,templates/WatchGuard/WatchGuard__Firebox_T185__zabbix_7_snmp.yaml,Official vendor OS/family documentation,SNMPv2-MIB + IF-MIB baseline; ICMP; interface LLD; triggers; graphs,https://www.watchguard.com/help/docs/help-center/en-US/Content/en-US/Hardware-Guides/intro/firebox-hardware-guides.html | https://www.watchguard.com/help/docs/help-center/en-US/Content/en-US/Fireware/system_status/snmp_about_c.html,
WatchGuard,Firebox M270,WatchGuard Firebox M270 by SNMP,templates/WatchGuard/WatchGuard__Firebox_M270__zabbix_7_snmp.yaml,Official vendor OS/family documentation,SNMPv2-MIB + IF-MIB baseline; ICMP; interface LLD; triggers; graphs,https://www.watchguard.com/help/docs/help-center/en-US/Content/en-US/Hardware-Guides/intro/firebox-hardware-guides.html | https://www.watchguard.com/help/docs/help-center/en-US/Content/en-US/Fireware/system_status/snmp_about_c.html,
WatchGuard,Firebox M290,WatchGuard Firebox M290 by SNMP,templates/WatchGuard/WatchGuard__Firebox_M290__zabbix_7_snmp.yaml,Official vendor OS/family documentation,SNMPv2-MIB + IF-MIB baseline; ICMP; interface LLD; triggers; graphs,https://www.watchguard.com/help/docs/help-center/en-US/Content/en-US/Hardware-Guides/intro/firebox-hardware-guides.html | https://www.watchguard.com/help/docs/help-center/en-US/Content/en-US/Fireware/system_status/snmp_about_c.html,
WatchGuard,Firebox M370,WatchGuard Firebox M370 by SNMP,templates/WatchGuard/WatchGuard__Firebox_M370__zabbix_7_snmp.yaml,Official vendor OS/family documentation,SNMPv2-MIB + IF-MIB baseline; ICMP; interface LLD; triggers; graphs,https://www.watchguard.com/help/docs/help-center/en-US/Content/en-US/Hardware-Guides/intro/firebox-hardware-guides.html | https://www.watchguard.com/help/docs/help-center/en-US/Content/en-US/Fireware/system_status/snmp_about_c.html,
WatchGuard,Firebox M390,WatchGuard Firebox M390 by SNMP,templates/WatchGuard/WatchGuard__Firebox_M390__zabbix_7_snmp.yaml,Official vendor OS/family documentation,SNMPv2-MIB + IF-MIB baseline; ICMP; interface LLD; triggers; graphs,https://www.watchguard.com/help/docs/help-center/en-US/Content/en-US/Hardware-Guides/intro/firebox-hardware-guides.html | https://www.watchguard.com/help/docs/help-center/en-US/Content/en-US/Fireware/system_status/snmp_about_c.html,
WatchGuard,Firebox M470,WatchGuard Firebox M470 by SNMP,templates/WatchGuard/WatchGuard__Firebox_M470__zabbix_7_snmp.yaml,Official vendor OS/family documentation,SNMPv2-MIB + IF-MIB baseline; ICMP; interface LLD; triggers; graphs,https://www.watchguard.com/help/docs/help-center/en-US/Content/en-US/Hardware-Guides/intro/firebox-hardware-guides.html | https://www.watchguard.com/help/docs/help-center/en-US/Content/en-US/Fireware/system_status/snmp_about_c.html,
WatchGuard,Firebox M570,WatchGuard Firebox M570 by SNMP,templates/WatchGuard/WatchGuard__Firebox_M570__zabbix_7_snmp.yaml,Official vendor OS/family documentation,SNMPv2-MIB + IF-MIB baseline; ICMP; interface LLD; triggers; graphs,https://www.watchguard.com/help/docs/help-center/en-US/Content/en-US/Hardware-Guides/intro/firebox-hardware-guides.html | https://www.watchguard.com/help/docs/help-center/en-US/Content/en-US/Fireware/system_status/snmp_about_c.html,
WatchGuard,Firebox M590,WatchGuard Firebox M590 by SNMP,templates/WatchGuard/WatchGuard__Firebox_M590__zabbix_7_snmp.yaml,Official vendor OS/family documentation,SNMPv2-MIB + IF-MIB baseline; ICMP; interface LLD; triggers; graphs,https://www.watchguard.com/help/docs/help-center/en-US/Content/en-US/Hardware-Guides/intro/firebox-hardware-guides.html | https://www.watchguard.com/help/docs/help-center/en-US/Content/en-US/Fireware/system_status/snmp_about_c.html,
WatchGuard,Firebox M670,WatchGuard Firebox M670 by SNMP,templates/WatchGuard/WatchGuard__Firebox_M670__zabbix_7_snmp.yaml,Official vendor OS/family documentation,SNMPv2-MIB + IF-MIB baseline; ICMP; interface LLD; triggers; graphs,https://www.watchguard.com/help/docs/help-center/en-US/Content/en-US/Hardware-Guides/intro/firebox-hardware-guides.html | https://www.watchguard.com/help/docs/help-center/en-US/Content/en-US/Fireware/system_status/snmp_about_c.html,
WatchGuard,Firebox M690,WatchGuard Firebox M690 by SNMP,templates/WatchGuard/WatchGuard__Firebox_M690__zabbix_7_snmp.yaml,Official vendor OS/family documentation,SNMPv2-MIB + IF-MIB baseline; ICMP; interface LLD; triggers; graphs,https://www.watchguard.com/help/docs/help-center/en-US/Content/en-US/Hardware-Guides/intro/firebox-hardware-guides.html | https://www.watchguard.com/help/docs/help-center/en-US/Content/en-US/Fireware/system_status/snmp_about_c.html,
WatchGuard,Firebox M295,WatchGuard Firebox M295 by SNMP,templates/WatchGuard/WatchGuard__Firebox_M295__zabbix_7_snmp.yaml,Official vendor OS/family documentation,SNMPv2-MIB + IF-MIB baseline; ICMP; interface LLD; triggers; graphs,https://www.watchguard.com/help/docs/help-center/en-US/Content/en-US/Hardware-Guides/intro/firebox-hardware-guides.html | https://www.watchguard.com/help/docs/help-center/en-US/Content/en-US/Fireware/system_status/snmp_about_c.html,
WatchGuard,Firebox M395,WatchGuard Firebox M395 by SNMP,templates/WatchGuard/WatchGuard__Firebox_M395__zabbix_7_snmp.yaml,Official vendor OS/family documentation,SNMPv2-MIB + IF-MIB baseline; ICMP; interface LLD; triggers; graphs,https://www.watchguard.com/help/docs/help-center/en-US/Content/en-US/Hardware-Guides/intro/firebox-hardware-guides.html | https://www.watchguard.com/help/docs/help-center/en-US/Content/en-US/Fireware/system_status/snmp_about_c.html,
WatchGuard,Firebox M495,WatchGuard Firebox M495 by SNMP,templates/WatchGuard/WatchGuard__Firebox_M495__zabbix_7_snmp.yaml,Official vendor OS/family documentation,SNMPv2-MIB + IF-MIB baseline; ICMP; interface LLD; triggers; graphs,https://www.watchguard.com/help/docs/help-center/en-US/Content/en-US/Hardware-Guides/intro/firebox-hardware-guides.html | https://www.watchguard.com/help/docs/help-center/en-US/Content/en-US/Fireware/system_status/snmp_about_c.html,
WatchGuard,Firebox M595,WatchGuard Firebox M595 by SNMP,templates/WatchGuard/WatchGuard__Firebox_M595__zabbix_7_snmp.yaml,Official vendor OS/family documentation,SNMPv2-MIB + IF-MIB baseline; ICMP; interface LLD; triggers; graphs,https://www.watchguard.com/help/docs/help-center/en-US/Content/en-US/Hardware-Guides/intro/firebox-hardware-guides.html | https://www.watchguard.com/help/docs/help-center/en-US/Content/en-US/Fireware/system_status/snmp_about_c.html,
WatchGuard,Firebox M695,WatchGuard Firebox M695 by SNMP,templates/WatchGuard/WatchGuard__Firebox_M695__zabbix_7_snmp.yaml,Official vendor OS/family documentation,SNMPv2-MIB + IF-MIB baseline; ICMP; interface LLD; triggers; graphs,https://www.watchguard.com/help/docs/help-center/en-US/Content/en-US/Hardware-Guides/intro/firebox-hardware-guides.html | https://www.watchguard.com/help/docs/help-center/en-US/Content/en-US/Fireware/system_status/snmp_about_c.html,
WatchGuard,Firebox M4600,WatchGuard Firebox M4600 by SNMP,templates/WatchGuard/WatchGuard__Firebox_M4600__zabbix_7_snmp.yaml,Official vendor OS/family documentation,SNMPv2-MIB + IF-MIB baseline; ICMP; interface LLD; triggers; graphs,https://www.watchguard.com/help/docs/help-center/en-US/Content/en-US/Hardware-Guides/intro/firebox-hardware-guides.html | https://www.watchguard.com/help/docs/help-center/en-US/Content/en-US/Fireware/system_status/snmp_about_c.html,
WatchGuard,Firebox M4800,WatchGuard Firebox M4800 by SNMP,templates/WatchGuard/WatchGuard__Firebox_M4800__zabbix_7_snmp.yaml,Official vendor OS/family documentation,SNMPv2-MIB + IF-MIB baseline; ICMP; interface LLD; triggers; graphs,https://www.watchguard.com/help/docs/help-center/en-US/Content/en-US/Hardware-Guides/intro/firebox-hardware-guides.html | https://www.watchguard.com/help/docs/help-center/en-US/Content/en-US/Fireware/system_status/snmp_about_c.html,
WatchGuard,Firebox M5600,WatchGuard Firebox M5600 by SNMP,templates/WatchGuard/WatchGuard__Firebox_M5600__zabbix_7_snmp.yaml,Official vendor OS/family documentation,SNMPv2-MIB + IF-MIB baseline; ICMP; interface LLD; triggers; graphs,https://www.watchguard.com/help/docs/help-center/en-US/Content/en-US/Hardware-Guides/intro/firebox-hardware-guides.html | https://www.watchguard.com/help/docs/help-center/en-US/Content/en-US/Fireware/system_status/snmp_about_c.html,
WatchGuard,Firebox M5800,WatchGuard Firebox M5800 by SNMP,templates/WatchGuard/WatchGuard__Firebox_M5800__zabbix_7_snmp.yaml,Official vendor OS/family documentation,SNMPv2-MIB + IF-MIB baseline; ICMP; interface LLD; triggers; graphs,https://www.watchguard.com/help/docs/help-center/en-US/Content/en-US/Hardware-Guides/intro/firebox-hardware-guides.html | https://www.watchguard.com/help/docs/help-center/en-US/Content/en-US/Fireware/system_status/snmp_about_c.html,
WatchGuard,Firebox M4850,WatchGuard Firebox M4850 by SNMP,templates/WatchGuard/WatchGuard__Firebox_M4850__zabbix_7_snmp.yaml,Official vendor OS/family documentation,SNMPv2-MIB + IF-MIB baseline; ICMP; interface LLD; triggers; graphs,https://www.watchguard.com/help/docs/help-center/en-US/Content/en-US/Hardware-Guides/intro/firebox-hardware-guides.html | https://www.watchguard.com/help/docs/help-center/en-US/Content/en-US/Fireware/system_status/snmp_about_c.html,
WatchGuard,Firebox M5850,WatchGuard Firebox M5850 by SNMP,templates/WatchGuard/WatchGuard__Firebox_M5850__zabbix_7_snmp.yaml,Official vendor OS/family documentation,SNMPv2-MIB + IF-MIB baseline; ICMP; interface LLD; triggers; graphs,https://www.watchguard.com/help/docs/help-center/en-US/Content/en-US/Hardware-Guides/intro/firebox-hardware-guides.html | https://www.watchguard.com/help/docs/help-center/en-US/Content/en-US/Fireware/system_status/snmp_about_c.html,
WatchGuard,Firebox M6850,WatchGuard Firebox M6850 by SNMP,templates/WatchGuard/WatchGuard__Firebox_M6850__zabbix_7_snmp.yaml,Official vendor OS/family documentation,SNMPv2-MIB + IF-MIB baseline; ICMP; interface LLD; triggers; graphs,https://www.watchguard.com/help/docs/help-center/en-US/Content/en-US/Hardware-Guides/intro/firebox-hardware-guides.html | https://www.watchguard.com/help/docs/help-center/en-US/Content/en-US/Fireware/system_status/snmp_about_c.html,
WatchGuard,FireboxV Small,WatchGuard FireboxV Small by SNMP,templates/WatchGuard/WatchGuard__FireboxV_Small__zabbix_7_snmp.yaml,Official vendor OS/family documentation,SNMPv2-MIB + IF-MIB baseline; ICMP; interface LLD; triggers; graphs,https://www.watchguard.com/help/docs/help-center/en-US/Content/en-US/Hardware-Guides/intro/firebox-hardware-guides.html | https://www.watchguard.com/help/docs/help-center/en-US/Content/en-US/Fireware/system_status/snmp_about_c.html,
WatchGuard,FireboxV Medium,WatchGuard FireboxV Medium by SNMP,templates/WatchGuard/WatchGuard__FireboxV_Medium__zabbix_7_snmp.yaml,Official vendor OS/family documentation,SNMPv2-MIB + IF-MIB baseline; ICMP; interface LLD; triggers; graphs,https://www.watchguard.com/help/docs/help-center/en-US/Content/en-US/Hardware-Guides/intro/firebox-hardware-guides.html | https://www.watchguard.com/help/docs/help-center/en-US/Content/en-US/Fireware/system_status/snmp_about_c.html,
WatchGuard,FireboxV Large,WatchGuard FireboxV Large by SNMP,templates/WatchGuard/WatchGuard__FireboxV_Large__zabbix_7_snmp.yaml,Official vendor OS/family documentation,SNMPv2-MIB + IF-MIB baseline; ICMP; interface LLD; triggers; graphs,https://www.watchguard.com/help/docs/help-center/en-US/Content/en-US/Hardware-Guides/intro/firebox-hardware-guides.html | https://www.watchguard.com/help/docs/help-center/en-US/Content/en-US/Fireware/system_status/snmp_about_c.html,
WatchGuard,FireboxV Extra Large,WatchGuard FireboxV Extra Large by SNMP,templates/WatchGuard/WatchGuard__FireboxV_Extra_Large__zabbix_7_snmp.yaml,Official vendor OS/family documentation,SNMPv2-MIB + IF-MIB baseline; ICMP; interface LLD; triggers; graphs,https://www.watchguard.com/help/docs/help-center/en-US/Content/en-US/Hardware-Guides/intro/firebox-hardware-guides.html | https://www.watchguard.com/help/docs/help-center/en-US/Content/en-US/Fireware/system_status/snmp_about_c.html,
Juniper,SRX300,Juniper SRX300 by SNMP,templates/Juniper/Juniper__SRX300__zabbix_7_snmp.yaml,Official vendor OS/family documentation,SNMPv2-MIB + IF-MIB baseline; ICMP; interface LLD; triggers; graphs,https://www.juniper.net/documentation/us/en/software/jsi/juniper-support-insights-user-guide/jsi-jcloud-user-guide/topics/concept/jsi-supported-devices.html | https://www.juniper.net/documentation/us/en/software/junos/network-mgmt/topics/topic-map/snmp-mibs-supported-by-junos-os-and-junos-os-evolved.html,
Juniper,SRX320,Juniper SRX320 by SNMP,templates/Juniper/Juniper__SRX320__zabbix_7_snmp.yaml,Official vendor OS/family documentation,SNMPv2-MIB + IF-MIB baseline; ICMP; interface LLD; triggers; graphs,https://www.juniper.net/documentation/us/en/software/jsi/juniper-support-insights-user-guide/jsi-jcloud-user-guide/topics/concept/jsi-supported-devices.html | https://www.juniper.net/documentation/us/en/software/junos/network-mgmt/topics/topic-map/snmp-mibs-supported-by-junos-os-and-junos-os-evolved.html,
Juniper,SRX340,Juniper SRX340 by SNMP,templates/Juniper/Juniper__SRX340__zabbix_7_snmp.yaml,Official vendor OS/family documentation,SNMPv2-MIB + IF-MIB baseline; ICMP; interface LLD; triggers; graphs,https://www.juniper.net/documentation/us/en/software/jsi/juniper-support-insights-user-guide/jsi-jcloud-user-guide/topics/concept/jsi-supported-devices.html | https://www.juniper.net/documentation/us/en/software/junos/network-mgmt/topics/topic-map/snmp-mibs-supported-by-junos-os-and-junos-os-evolved.html,
Juniper,SRX345,Juniper SRX345 by SNMP,templates/Juniper/Juniper__SRX345__zabbix_7_snmp.yaml,Official vendor OS/family documentation,SNMPv2-MIB + IF-MIB baseline; ICMP; interface LLD; triggers; graphs,https://www.juniper.net/documentation/us/en/software/jsi/juniper-support-insights-user-guide/jsi-jcloud-user-guide/topics/concept/jsi-supported-devices.html | https://www.juniper.net/documentation/us/en/software/junos/network-mgmt/topics/topic-map/snmp-mibs-supported-by-junos-os-and-junos-os-evolved.html,
Juniper,SRX380,Juniper SRX380 by SNMP,templates/Juniper/Juniper__SRX380__zabbix_7_snmp.yaml,Official vendor OS/family documentation,SNMPv2-MIB + IF-MIB baseline; ICMP; interface LLD; triggers; graphs,https://www.juniper.net/documentation/us/en/software/jsi/juniper-support-insights-user-guide/jsi-jcloud-user-guide/topics/concept/jsi-supported-devices.html | https://www.juniper.net/documentation/us/en/software/junos/network-mgmt/topics/topic-map/snmp-mibs-supported-by-junos-os-and-junos-os-evolved.html,
Juniper,SRX1500,Juniper SRX1500 by SNMP,templates/Juniper/Juniper__SRX1500__zabbix_7_snmp.yaml,Official vendor OS/family documentation,SNMPv2-MIB + IF-MIB baseline; ICMP; interface LLD; triggers; graphs,https://www.juniper.net/documentation/us/en/software/jsi/juniper-support-insights-user-guide/jsi-jcloud-user-guide/topics/concept/jsi-supported-devices.html | https://www.juniper.net/documentation/us/en/software/junos/network-mgmt/topics/topic-map/snmp-mibs-supported-by-junos-os-and-junos-os-evolved.html,
Juniper,SRX1600,Juniper SRX1600 by SNMP,templates/Juniper/Juniper__SRX1600__zabbix_7_snmp.yaml,Official vendor OS/family documentation,SNMPv2-MIB + IF-MIB baseline; ICMP; interface LLD; triggers; graphs,https://www.juniper.net/documentation/us/en/software/jsi/juniper-support-insights-user-guide/jsi-jcloud-user-guide/topics/concept/jsi-supported-devices.html | https://www.juniper.net/documentation/us/en/software/junos/network-mgmt/topics/topic-map/snmp-mibs-supported-by-junos-os-and-junos-os-evolved.html,
Juniper,SRX2300,Juniper SRX2300 by SNMP,templates/Juniper/Juniper__SRX2300__zabbix_7_snmp.yaml,Official vendor OS/family documentation,SNMPv2-MIB + IF-MIB baseline; ICMP; interface LLD; triggers; graphs,https://www.juniper.net/documentation/us/en/software/jsi/juniper-support-insights-user-guide/jsi-jcloud-user-guide/topics/concept/jsi-supported-devices.html | https://www.juniper.net/documentation/us/en/software/junos/network-mgmt/topics/topic-map/snmp-mibs-supported-by-junos-os-and-junos-os-evolved.html,
Juniper,SRX4100,Juniper SRX4100 by SNMP,templates/Juniper/Juniper__SRX4100__zabbix_7_snmp.yaml,Official vendor OS/family documentation,SNMPv2-MIB + IF-MIB baseline; ICMP; interface LLD; triggers; graphs,https://www.juniper.net/documentation/us/en/software/jsi/juniper-support-insights-user-guide/jsi-jcloud-user-guide/topics/concept/jsi-supported-devices.html | https://www.juniper.net/documentation/us/en/software/junos/network-mgmt/topics/topic-map/snmp-mibs-supported-by-junos-os-and-junos-os-evolved.html,
Juniper,SRX4200,Juniper SRX4200 by SNMP,templates/Juniper/Juniper__SRX4200__zabbix_7_snmp.yaml,Official vendor OS/family documentation,SNMPv2-MIB + IF-MIB baseline; ICMP; interface LLD; triggers; graphs,https://www.juniper.net/documentation/us/en/software/jsi/juniper-support-insights-user-guide/jsi-jcloud-user-guide/topics/concept/jsi-supported-devices.html | https://www.juniper.net/documentation/us/en/software/junos/network-mgmt/topics/topic-map/snmp-mibs-supported-by-junos-os-and-junos-os-evolved.html,
Juniper,SRX4300,Juniper SRX4300 by SNMP,templates/Juniper/Juniper__SRX4300__zabbix_7_snmp.yaml,Official vendor OS/family documentation,SNMPv2-MIB + IF-MIB baseline; ICMP; interface LLD; triggers; graphs,https://www.juniper.net/documentation/us/en/software/jsi/juniper-support-insights-user-guide/jsi-jcloud-user-guide/topics/concept/jsi-supported-devices.html | https://www.juniper.net/documentation/us/en/software/junos/network-mgmt/topics/topic-map/snmp-mibs-supported-by-junos-os-and-junos-os-evolved.html,
Juniper,SRX4600,Juniper SRX4600 by SNMP,templates/Juniper/Juniper__SRX4600__zabbix_7_snmp.yaml,Official vendor OS/family documentation,SNMPv2-MIB + IF-MIB baseline; ICMP; interface LLD; triggers; graphs,https://www.juniper.net/documentation/us/en/software/jsi/juniper-support-insights-user-guide/jsi-jcloud-user-guide/topics/concept/jsi-supported-devices.html | https://www.juniper.net/documentation/us/en/software/junos/network-mgmt/topics/topic-map/snmp-mibs-supported-by-junos-os-and-junos-os-evolved.html,
Juniper,SRX5400,Juniper SRX5400 by SNMP,templates/Juniper/Juniper__SRX5400__zabbix_7_snmp.yaml,Official vendor OS/family documentation,SNMPv2-MIB + IF-MIB baseline; ICMP; interface LLD; triggers; graphs,https://www.juniper.net/documentation/us/en/software/jsi/juniper-support-insights-user-guide/jsi-jcloud-user-guide/topics/concept/jsi-supported-devices.html | https://www.juniper.net/documentation/us/en/software/junos/network-mgmt/topics/topic-map/snmp-mibs-supported-by-junos-os-and-junos-os-evolved.html,
Juniper,SRX5400E,Juniper SRX5400E by SNMP,templates/Juniper/Juniper__SRX5400E__zabbix_7_snmp.yaml,Official vendor OS/family documentation,SNMPv2-MIB + IF-MIB baseline; ICMP; interface LLD; triggers; graphs,https://www.juniper.net/documentation/us/en/software/jsi/juniper-support-insights-user-guide/jsi-jcloud-user-guide/topics/concept/jsi-supported-devices.html | https://www.juniper.net/documentation/us/en/software/junos/network-mgmt/topics/topic-map/snmp-mibs-supported-by-junos-os-and-junos-os-evolved.html,
Juniper,SRX5400X,Juniper SRX5400X by SNMP,templates/Juniper/Juniper__SRX5400X__zabbix_7_snmp.yaml,Official vendor OS/family documentation,SNMPv2-MIB + IF-MIB baseline; ICMP; interface LLD; triggers; graphs,https://www.juniper.net/documentation/us/en/software/jsi/juniper-support-insights-user-guide/jsi-jcloud-user-guide/topics/concept/jsi-supported-devices.html | https://www.juniper.net/documentation/us/en/software/junos/network-mgmt/topics/topic-map/snmp-mibs-supported-by-junos-os-and-junos-os-evolved.html,
Juniper,SRX5600,Juniper SRX5600 by SNMP,templates/Juniper/Juniper__SRX5600__zabbix_7_snmp.yaml,Official vendor OS/family documentation,SNMPv2-MIB + IF-MIB baseline; ICMP; interface LLD; triggers; graphs,https://www.juniper.net/documentation/us/en/software/jsi/juniper-support-insights-user-guide/jsi-jcloud-user-guide/topics/concept/jsi-supported-devices.html | https://www.juniper.net/documentation/us/en/software/junos/network-mgmt/topics/topic-map/snmp-mibs-supported-by-junos-os-and-junos-os-evolved.html,
Juniper,SRX5800,Juniper SRX5800 by SNMP,templates/Juniper/Juniper__SRX5800__zabbix_7_snmp.yaml,Official vendor OS/family documentation,SNMPv2-MIB + IF-MIB baseline; ICMP; interface LLD; triggers; graphs,https://www.juniper.net/documentation/us/en/software/jsi/juniper-support-insights-user-guide/jsi-jcloud-user-guide/topics/concept/jsi-supported-devices.html | https://www.juniper.net/documentation/us/en/software/junos/network-mgmt/topics/topic-map/snmp-mibs-supported-by-junos-os-and-junos-os-evolved.html,
Juniper,vSRX,Juniper vSRX by SNMP,templates/Juniper/Juniper__vSRX__zabbix_7_snmp.yaml,Official vendor OS/family documentation,SNMPv2-MIB + IF-MIB baseline; ICMP; interface LLD; triggers; graphs,https://www.juniper.net/documentation/us/en/software/jsi/juniper-support-insights-user-guide/jsi-jcloud-user-guide/topics/concept/jsi-supported-devices.html | https://www.juniper.net/documentation/us/en/software/junos/network-mgmt/topics/topic-map/snmp-mibs-supported-by-junos-os-and-junos-os-evolved.html,
Check Point,Quantum Spark 2530,Check Point Quantum Spark 2530 by SNMP,templates/Check_Point/Check_Point__Quantum_Spark_2530__zabbix_7_snmp.yaml,Official vendor OS/family documentation,SNMPv2-MIB + IF-MIB baseline; ICMP; interface LLD; triggers; graphs,https://www.checkpoint.com/products/security-gateway-appliances/ | https://www.checkpoint.com/quantum/next-generation-firewall/small-business-firewall/ | https://sc1.checkpoint.com/documents/R81.10/WebAdminGuides/EN/CP_R81.10_Gaia_AdminGuide/Topics-GAG/SNMP.htm,Gaia SNMP is disabled by default. Enable it and prefer SNMPv3 where supported.
Check Point,Quantum Spark 2550,Check Point Quantum Spark 2550 by SNMP,templates/Check_Point/Check_Point__Quantum_Spark_2550__zabbix_7_snmp.yaml,Official vendor OS/family documentation,SNMPv2-MIB + IF-MIB baseline; ICMP; interface LLD; triggers; graphs,https://www.checkpoint.com/products/security-gateway-appliances/ | https://www.checkpoint.com/quantum/next-generation-firewall/small-business-firewall/ | https://sc1.checkpoint.com/documents/R81.10/WebAdminGuides/EN/CP_R81.10_Gaia_AdminGuide/Topics-GAG/SNMP.htm,Gaia SNMP is disabled by default. Enable it and prefer SNMPv3 where supported.
Check Point,Quantum Spark 2560,Check Point Quantum Spark 2560 by SNMP,templates/Check_Point/Check_Point__Quantum_Spark_2560__zabbix_7_snmp.yaml,Official vendor OS/family documentation,SNMPv2-MIB + IF-MIB baseline; ICMP; interface LLD; triggers; graphs,https://www.checkpoint.com/products/security-gateway-appliances/ | https://www.checkpoint.com/quantum/next-generation-firewall/small-business-firewall/ | https://sc1.checkpoint.com/documents/R81.10/WebAdminGuides/EN/CP_R81.10_Gaia_AdminGuide/Topics-GAG/SNMP.htm,Gaia SNMP is disabled by default. Enable it and prefer SNMPv3 where supported.
Check Point,Quantum Spark 2570,Check Point Quantum Spark 2570 by SNMP,templates/Check_Point/Check_Point__Quantum_Spark_2570__zabbix_7_snmp.yaml,Official vendor OS/family documentation,SNMPv2-MIB + IF-MIB baseline; ICMP; interface LLD; triggers; graphs,https://www.checkpoint.com/products/security-gateway-appliances/ | https://www.checkpoint.com/quantum/next-generation-firewall/small-business-firewall/ | https://sc1.checkpoint.com/documents/R81.10/WebAdminGuides/EN/CP_R81.10_Gaia_AdminGuide/Topics-GAG/SNMP.htm,Gaia SNMP is disabled by default. Enable it and prefer SNMPv3 where supported.
Check Point,Quantum Spark 2580,Check Point Quantum Spark 2580 by SNMP,templates/Check_Point/Check_Point__Quantum_Spark_2580__zabbix_7_snmp.yaml,Official vendor OS/family documentation,SNMPv2-MIB + IF-MIB baseline; ICMP; interface LLD; triggers; graphs,https://www.checkpoint.com/products/security-gateway-appliances/ | https://www.checkpoint.com/quantum/next-generation-firewall/small-business-firewall/ | https://sc1.checkpoint.com/documents/R81.10/WebAdminGuides/EN/CP_R81.10_Gaia_AdminGuide/Topics-GAG/SNMP.htm,Gaia SNMP is disabled by default. Enable it and prefer SNMPv3 where supported.
Check Point,Quantum Spark 2590,Check Point Quantum Spark 2590 by SNMP,templates/Check_Point/Check_Point__Quantum_Spark_2590__zabbix_7_snmp.yaml,Official vendor OS/family documentation,SNMPv2-MIB + IF-MIB baseline; ICMP; interface LLD; triggers; graphs,https://www.checkpoint.com/products/security-gateway-appliances/ | https://www.checkpoint.com/quantum/next-generation-firewall/small-business-firewall/ | https://sc1.checkpoint.com/documents/R81.10/WebAdminGuides/EN/CP_R81.10_Gaia_AdminGuide/Topics-GAG/SNMP.htm,Gaia SNMP is disabled by default. Enable it and prefer SNMPv3 where supported.
Check Point,Quantum Force 9100,Check Point Quantum Force 9100 by SNMP,templates/Check_Point/Check_Point__Quantum_Force_9100__zabbix_7_snmp.yaml,Official vendor OS/family documentation,SNMPv2-MIB + IF-MIB baseline; ICMP; interface LLD; triggers; graphs,https://www.checkpoint.com/products/security-gateway-appliances/ | https://www.checkpoint.com/quantum/next-generation-firewall/small-business-firewall/ | https://sc1.checkpoint.com/documents/R81.10/WebAdminGuides/EN/CP_R81.10_Gaia_AdminGuide/Topics-GAG/SNMP.htm,Gaia SNMP is disabled by default. Enable it and prefer SNMPv3 where supported.
Check Point,Quantum Force 9200,Check Point Quantum Force 9200 by SNMP,templates/Check_Point/Check_Point__Quantum_Force_9200__zabbix_7_snmp.yaml,Official vendor OS/family documentation,SNMPv2-MIB + IF-MIB baseline; ICMP; interface LLD; triggers; graphs,https://www.checkpoint.com/products/security-gateway-appliances/ | https://www.checkpoint.com/quantum/next-generation-firewall/small-business-firewall/ | https://sc1.checkpoint.com/documents/R81.10/WebAdminGuides/EN/CP_R81.10_Gaia_AdminGuide/Topics-GAG/SNMP.htm,Gaia SNMP is disabled by default. Enable it and prefer SNMPv3 where supported.
Check Point,Quantum Force 9300,Check Point Quantum Force 9300 by SNMP,templates/Check_Point/Check_Point__Quantum_Force_9300__zabbix_7_snmp.yaml,Official vendor OS/family documentation,SNMPv2-MIB + IF-MIB baseline; ICMP; interface LLD; triggers; graphs,https://www.checkpoint.com/products/security-gateway-appliances/ | https://www.checkpoint.com/quantum/next-generation-firewall/small-business-firewall/ | https://sc1.checkpoint.com/documents/R81.10/WebAdminGuides/EN/CP_R81.10_Gaia_AdminGuide/Topics-GAG/SNMP.htm,Gaia SNMP is disabled by default. Enable it and prefer SNMPv3 where supported.
Check Point,Quantum Force 9400,Check Point Quantum Force 9400 by SNMP,templates/Check_Point/Check_Point__Quantum_Force_9400__zabbix_7_snmp.yaml,Official vendor OS/family documentation,SNMPv2-MIB + IF-MIB baseline; ICMP; interface LLD; triggers; graphs,https://www.checkpoint.com/products/security-gateway-appliances/ | https://www.checkpoint.com/quantum/next-generation-firewall/small-business-firewall/ | https://sc1.checkpoint.com/documents/R81.10/WebAdminGuides/EN/CP_R81.10_Gaia_AdminGuide/Topics-GAG/SNMP.htm,Gaia SNMP is disabled by default. Enable it and prefer SNMPv3 where supported.
Check Point,Quantum Force 9700,Check Point Quantum Force 9700 by SNMP,templates/Check_Point/Check_Point__Quantum_Force_9700__zabbix_7_snmp.yaml,Official vendor OS/family documentation,SNMPv2-MIB + IF-MIB baseline; ICMP; interface LLD; triggers; graphs,https://www.checkpoint.com/products/security-gateway-appliances/ | https://www.checkpoint.com/quantum/next-generation-firewall/small-business-firewall/ | https://sc1.checkpoint.com/documents/R81.10/WebAdminGuides/EN/CP_R81.10_Gaia_AdminGuide/Topics-GAG/SNMP.htm,Gaia SNMP is disabled by default. Enable it and prefer SNMPv3 where supported.
Check Point,Quantum Force 9800,Check Point Quantum Force 9800 by SNMP,templates/Check_Point/Check_Point__Quantum_Force_9800__zabbix_7_snmp.yaml,Official vendor OS/family documentation,SNMPv2-MIB + IF-MIB baseline; ICMP; interface LLD; triggers; graphs,https://www.checkpoint.com/products/security-gateway-appliances/ | https://www.checkpoint.com/quantum/next-generation-firewall/small-business-firewall/ | https://sc1.checkpoint.com/documents/R81.10/WebAdminGuides/EN/CP_R81.10_Gaia_AdminGuide/Topics-GAG/SNMP.htm,Gaia SNMP is disabled by default. Enable it and prefer SNMPv3 where supported.
Check Point,Quantum Force 19100,Check Point Quantum Force 19100 by SNMP,templates/Check_Point/Check_Point__Quantum_Force_19100__zabbix_7_snmp.yaml,Official vendor OS/family documentation,SNMPv2-MIB + IF-MIB baseline; ICMP; interface LLD; triggers; graphs,https://www.checkpoint.com/products/security-gateway-appliances/ | https://www.checkpoint.com/quantum/next-generation-firewall/small-business-firewall/ | https://sc1.checkpoint.com/documents/R81.10/WebAdminGuides/EN/CP_R81.10_Gaia_AdminGuide/Topics-GAG/SNMP.htm,Gaia SNMP is disabled by default. Enable it and prefer SNMPv3 where supported.
Check Point,Quantum Force 19200,Check Point Quantum Force 19200 by SNMP,templates/Check_Point/Check_Point__Quantum_Force_19200__zabbix_7_snmp.yaml,Official vendor OS/family documentation,SNMPv2-MIB + IF-MIB baseline; ICMP; interface LLD; triggers; graphs,https://www.checkpoint.com/products/security-gateway-appliances/ | https://www.checkpoint.com/quantum/next-generation-firewall/small-business-firewall/ | https://sc1.checkpoint.com/documents/R81.10/WebAdminGuides/EN/CP_R81.10_Gaia_AdminGuide/Topics-GAG/SNMP.htm,Gaia SNMP is disabled by default. Enable it and prefer SNMPv3 where supported.
Check Point,Quantum Force 29100,Check Point Quantum Force 29100 by SNMP,templates/Check_Point/Check_Point__Quantum_Force_29100__zabbix_7_snmp.yaml,Official vendor OS/family documentation,SNMPv2-MIB + IF-MIB baseline; ICMP; interface LLD; triggers; graphs,https://www.checkpoint.com/products/security-gateway-appliances/ | https://www.checkpoint.com/quantum/next-generation-firewall/small-business-firewall/ | https://sc1.checkpoint.com/documents/R81.10/WebAdminGuides/EN/CP_R81.10_Gaia_AdminGuide/Topics-GAG/SNMP.htm,Gaia SNMP is disabled by default. Enable it and prefer SNMPv3 where supported.
Check Point,Quantum Force 29200,Check Point Quantum Force 29200 by SNMP,templates/Check_Point/Check_Point__Quantum_Force_29200__zabbix_7_snmp.yaml,Official vendor OS/family documentation,SNMPv2-MIB + IF-MIB baseline; ICMP; interface LLD; triggers; graphs,https://www.checkpoint.com/products/security-gateway-appliances/ | https://www.checkpoint.com/quantum/next-generation-firewall/small-business-firewall/ | https://sc1.checkpoint.com/documents/R81.10/WebAdminGuides/EN/CP_R81.10_Gaia_AdminGuide/Topics-GAG/SNMP.htm,Gaia SNMP is disabled by default. Enable it and prefer SNMPv3 where supported.
Check Point,Quantum 3600,Check Point Quantum 3600 by SNMP,templates/Check_Point/Check_Point__Quantum_3600__zabbix_7_snmp.yaml,Official vendor OS/family documentation,SNMPv2-MIB + IF-MIB baseline; ICMP; interface LLD; triggers; graphs,https://www.checkpoint.com/products/security-gateway-appliances/ | https://www.checkpoint.com/quantum/next-generation-firewall/small-business-firewall/ | https://sc1.checkpoint.com/documents/R81.10/WebAdminGuides/EN/CP_R81.10_Gaia_AdminGuide/Topics-GAG/SNMP.htm,Gaia SNMP is disabled by default. Enable it and prefer SNMPv3 where supported.
Check Point,Quantum 3800,Check Point Quantum 3800 by SNMP,templates/Check_Point/Check_Point__Quantum_3800__zabbix_7_snmp.yaml,Official vendor OS/family documentation,SNMPv2-MIB + IF-MIB baseline; ICMP; interface LLD; triggers; graphs,https://www.checkpoint.com/products/security-gateway-appliances/ | https://www.checkpoint.com/quantum/next-generation-firewall/small-business-firewall/ | https://sc1.checkpoint.com/documents/R81.10/WebAdminGuides/EN/CP_R81.10_Gaia_AdminGuide/Topics-GAG/SNMP.htm,Gaia SNMP is disabled by default. Enable it and prefer SNMPv3 where supported.
Check Point,Quantum 6200,Check Point Quantum 6200 by SNMP,templates/Check_Point/Check_Point__Quantum_6200__zabbix_7_snmp.yaml,Official vendor OS/family documentation,SNMPv2-MIB + IF-MIB baseline; ICMP; interface LLD; triggers; graphs,https://www.checkpoint.com/products/security-gateway-appliances/ | https://www.checkpoint.com/quantum/next-generation-firewall/small-business-firewall/ | https://sc1.checkpoint.com/documents/R81.10/WebAdminGuides/EN/CP_R81.10_Gaia_AdminGuide/Topics-GAG/SNMP.htm,Gaia SNMP is disabled by default. Enable it and prefer SNMPv3 where supported.
Check Point,Quantum 6400,Check Point Quantum 6400 by SNMP,templates/Check_Point/Check_Point__Quantum_6400__zabbix_7_snmp.yaml,Official vendor OS/family documentation,SNMPv2-MIB + IF-MIB baseline; ICMP; interface LLD; triggers; graphs,https://www.checkpoint.com/products/security-gateway-appliances/ | https://www.checkpoint.com/quantum/next-generation-firewall/small-business-firewall/ | https://sc1.checkpoint.com/documents/R81.10/WebAdminGuides/EN/CP_R81.10_Gaia_AdminGuide/Topics-GAG/SNMP.htm,Gaia SNMP is disabled by default. Enable it and prefer SNMPv3 where supported.
Check Point,Quantum 6600,Check Point Quantum 6600 by SNMP,templates/Check_Point/Check_Point__Quantum_6600__zabbix_7_snmp.yaml,Official vendor OS/family documentation,SNMPv2-MIB + IF-MIB baseline; ICMP; interface LLD; triggers; graphs,https://www.checkpoint.com/products/security-gateway-appliances/ | https://www.checkpoint.com/quantum/next-generation-firewall/small-business-firewall/ | https://sc1.checkpoint.com/documents/R81.10/WebAdminGuides/EN/CP_R81.10_Gaia_AdminGuide/Topics-GAG/SNMP.htm,Gaia SNMP is disabled by default. Enable it and prefer SNMPv3 where supported.
Check Point,Quantum 6700,Check Point Quantum 6700 by SNMP,templates/Check_Point/Check_Point__Quantum_6700__zabbix_7_snmp.yaml,Official vendor OS/family documentation,SNMPv2-MIB + IF-MIB baseline; ICMP; interface LLD; triggers; graphs,https://www.checkpoint.com/products/security-gateway-appliances/ | https://www.checkpoint.com/quantum/next-generation-firewall/small-business-firewall/ | https://sc1.checkpoint.com/documents/R81.10/WebAdminGuides/EN/CP_R81.10_Gaia_AdminGuide/Topics-GAG/SNMP.htm,Gaia SNMP is disabled by default. Enable it and prefer SNMPv3 where supported.
Check Point,Quantum 6900,Check Point Quantum 6900 by SNMP,templates/Check_Point/Check_Point__Quantum_6900__zabbix_7_snmp.yaml,Official vendor OS/family documentation,SNMPv2-MIB + IF-MIB baseline; ICMP; interface LLD; triggers; graphs,https://www.checkpoint.com/products/security-gateway-appliances/ | https://www.checkpoint.com/quantum/next-generation-firewall/small-business-firewall/ | https://sc1.checkpoint.com/documents/R81.10/WebAdminGuides/EN/CP_R81.10_Gaia_AdminGuide/Topics-GAG/SNMP.htm,Gaia SNMP is disabled by default. Enable it and prefer SNMPv3 where supported.
Check Point,Quantum 7000,Check Point Quantum 7000 by SNMP,templates/Check_Point/Check_Point__Quantum_7000__zabbix_7_snmp.yaml,Official vendor OS/family documentation,SNMPv2-MIB + IF-MIB baseline; ICMP; interface LLD; triggers; graphs,https://www.checkpoint.com/products/security-gateway-appliances/ | https://www.checkpoint.com/quantum/next-generation-firewall/small-business-firewall/ | https://sc1.checkpoint.com/documents/R81.10/WebAdminGuides/EN/CP_R81.10_Gaia_AdminGuide/Topics-GAG/SNMP.htm,Gaia SNMP is disabled by default. Enable it and prefer SNMPv3 where supported.
Check Point,Quantum 16000,Check Point Quantum 16000 by SNMP,templates/Check_Point/Check_Point__Quantum_16000__zabbix_7_snmp.yaml,Official vendor OS/family documentation,SNMPv2-MIB + IF-MIB baseline; ICMP; interface LLD; triggers; graphs,https://www.checkpoint.com/products/security-gateway-appliances/ | https://www.checkpoint.com/quantum/next-generation-firewall/small-business-firewall/ | https://sc1.checkpoint.com/documents/R81.10/WebAdminGuides/EN/CP_R81.10_Gaia_AdminGuide/Topics-GAG/SNMP.htm,Gaia SNMP is disabled by default. Enable it and prefer SNMPv3 where supported.
Check Point,Quantum 16200,Check Point Quantum 16200 by SNMP,templates/Check_Point/Check_Point__Quantum_16200__zabbix_7_snmp.yaml,Official vendor OS/family documentation,SNMPv2-MIB + IF-MIB baseline; ICMP; interface LLD; triggers; graphs,https://www.checkpoint.com/products/security-gateway-appliances/ | https://www.checkpoint.com/quantum/next-generation-firewall/small-business-firewall/ | https://sc1.checkpoint.com/documents/R81.10/WebAdminGuides/EN/CP_R81.10_Gaia_AdminGuide/Topics-GAG/SNMP.htm,Gaia SNMP is disabled by default. Enable it and prefer SNMPv3 where supported.
Check Point,Quantum 16600HS,Check Point Quantum 16600HS by SNMP,templates/Check_Point/Check_Point__Quantum_16600HS__zabbix_7_snmp.yaml,Official vendor OS/family documentation,SNMPv2-MIB + IF-MIB baseline; ICMP; interface LLD; triggers; graphs,https://www.checkpoint.com/products/security-gateway-appliances/ | https://www.checkpoint.com/quantum/next-generation-firewall/small-business-firewall/ | https://sc1.checkpoint.com/documents/R81.10/WebAdminGuides/EN/CP_R81.10_Gaia_AdminGuide/Topics-GAG/SNMP.htm,Gaia SNMP is disabled by default. Enable it and prefer SNMPv3 where supported.
Check Point,Quantum 26000,Check Point Quantum 26000 by SNMP,templates/Check_Point/Check_Point__Quantum_26000__zabbix_7_snmp.yaml,Official vendor OS/family documentation,SNMPv2-MIB + IF-MIB baseline; ICMP; interface LLD; triggers; graphs,https://www.checkpoint.com/products/security-gateway-appliances/ | https://www.checkpoint.com/quantum/next-generation-firewall/small-business-firewall/ | https://sc1.checkpoint.com/documents/R81.10/WebAdminGuides/EN/CP_R81.10_Gaia_AdminGuide/Topics-GAG/SNMP.htm,Gaia SNMP is disabled by default. Enable it and prefer SNMPv3 where supported.
Check Point,Quantum 28000,Check Point Quantum 28000 by SNMP,templates/Check_Point/Check_Point__Quantum_28000__zabbix_7_snmp.yaml,Official vendor OS/family documentation,SNMPv2-MIB + IF-MIB baseline; ICMP; interface LLD; triggers; graphs,https://www.checkpoint.com/products/security-gateway-appliances/ | https://www.checkpoint.com/quantum/next-generation-firewall/small-business-firewall/ | https://sc1.checkpoint.com/documents/R81.10/WebAdminGuides/EN/CP_R81.10_Gaia_AdminGuide/Topics-GAG/SNMP.htm,Gaia SNMP is disabled by default. Enable it and prefer SNMPv3 where supported.
Check Point,CloudGuard Network Security Gateway,Check Point CloudGuard Network Security Gateway by SNMP,templates/Check_Point/Check_Point__CloudGuard_Network_Security_Gateway__zabbix_7_snmp.yaml,Official vendor OS/family documentation,SNMPv2-MIB + IF-MIB baseline; ICMP; interface LLD; triggers; graphs,https://www.checkpoint.com/products/security-gateway-appliances/ | https://www.checkpoint.com/quantum/next-generation-firewall/small-business-firewall/ | https://sc1.checkpoint.com/documents/R81.10/WebAdminGuides/EN/CP_R81.10_Gaia_AdminGuide/Topics-GAG/SNMP.htm,Gaia SNMP is disabled by default. Enable it and prefer SNMPv3 where supported.
Barracuda,CloudGen F12,Barracuda CloudGen F12 by SNMP,templates/Barracuda/Barracuda__CloudGen_F12__zabbix_7_snmp.yaml,Official vendor OS/family documentation,SNMPv2-MIB + IF-MIB baseline; ICMP; interface LLD; triggers; graphs,https://documentation.campus.barracuda.com/wiki/spaces/NGFEOL/pages/756187195,
Barracuda,CloudGen F18,Barracuda CloudGen F18 by SNMP,templates/Barracuda/Barracuda__CloudGen_F18__zabbix_7_snmp.yaml,Official vendor OS/family documentation,SNMPv2-MIB + IF-MIB baseline; ICMP; interface LLD; triggers; graphs,https://documentation.campus.barracuda.com/wiki/spaces/NGFEOL/pages/756187195,
Barracuda,CloudGen F80,Barracuda CloudGen F80 by SNMP,templates/Barracuda/Barracuda__CloudGen_F80__zabbix_7_snmp.yaml,Official vendor OS/family documentation,SNMPv2-MIB + IF-MIB baseline; ICMP; interface LLD; triggers; graphs,https://documentation.campus.barracuda.com/wiki/spaces/NGFEOL/pages/756187195,
Barracuda,CloudGen F82,Barracuda CloudGen F82 by SNMP,templates/Barracuda/Barracuda__CloudGen_F82__zabbix_7_snmp.yaml,Official vendor OS/family documentation,SNMPv2-MIB + IF-MIB baseline; ICMP; interface LLD; triggers; graphs,https://documentation.campus.barracuda.com/wiki/spaces/NGFEOL/pages/756187195,
Barracuda,CloudGen F93,Barracuda CloudGen F93 by SNMP,templates/Barracuda/Barracuda__CloudGen_F93__zabbix_7_snmp.yaml,Official vendor OS/family documentation,SNMPv2-MIB + IF-MIB baseline; ICMP; interface LLD; triggers; graphs,https://documentation.campus.barracuda.com/wiki/spaces/NGFEOL/pages/756187195,
Barracuda,CloudGen F180,Barracuda CloudGen F180 by SNMP,templates/Barracuda/Barracuda__CloudGen_F180__zabbix_7_snmp.yaml,Official vendor OS/family documentation,SNMPv2-MIB + IF-MIB baseline; ICMP; interface LLD; triggers; graphs,https://documentation.campus.barracuda.com/wiki/spaces/NGFEOL/pages/756187195,
Barracuda,CloudGen F183,Barracuda CloudGen F183 by SNMP,templates/Barracuda/Barracuda__CloudGen_F183__zabbix_7_snmp.yaml,Official vendor OS/family documentation,SNMPv2-MIB + IF-MIB baseline; ICMP; interface LLD; triggers; graphs,https://documentation.campus.barracuda.com/wiki/spaces/NGFEOL/pages/756187195,
Barracuda,CloudGen F183R,Barracuda CloudGen F183R by SNMP,templates/Barracuda/Barracuda__CloudGen_F183R__zabbix_7_snmp.yaml,Official vendor OS/family documentation,SNMPv2-MIB + IF-MIB baseline; ICMP; interface LLD; triggers; graphs,https://documentation.campus.barracuda.com/wiki/spaces/NGFEOL/pages/756187195,
Barracuda,CloudGen F193,Barracuda CloudGen F193 by SNMP,templates/Barracuda/Barracuda__CloudGen_F193__zabbix_7_snmp.yaml,Official vendor OS/family documentation,SNMPv2-MIB + IF-MIB baseline; ICMP; interface LLD; triggers; graphs,https://documentation.campus.barracuda.com/wiki/spaces/NGFEOL/pages/756187195,
Barracuda,CloudGen F280,Barracuda CloudGen F280 by SNMP,templates/Barracuda/Barracuda__CloudGen_F280__zabbix_7_snmp.yaml,Official vendor OS/family documentation,SNMPv2-MIB + IF-MIB baseline; ICMP; interface LLD; triggers; graphs,https://documentation.campus.barracuda.com/wiki/spaces/NGFEOL/pages/756187195,
Barracuda,CloudGen F380,Barracuda CloudGen F380 by SNMP,templates/Barracuda/Barracuda__CloudGen_F380__zabbix_7_snmp.yaml,Official vendor OS/family documentation,SNMPv2-MIB + IF-MIB baseline; ICMP; interface LLD; triggers; graphs,https://documentation.campus.barracuda.com/wiki/spaces/NGFEOL/pages/756187195,
Barracuda,CloudGen F400,Barracuda CloudGen F400 by SNMP,templates/Barracuda/Barracuda__CloudGen_F400__zabbix_7_snmp.yaml,Official vendor OS/family documentation,SNMPv2-MIB + IF-MIB baseline; ICMP; interface LLD; triggers; graphs,https://documentation.campus.barracuda.com/wiki/spaces/NGFEOL/pages/756187195,
Barracuda,CloudGen F600,Barracuda CloudGen F600 by SNMP,templates/Barracuda/Barracuda__CloudGen_F600__zabbix_7_snmp.yaml,Official vendor OS/family documentation,SNMPv2-MIB + IF-MIB baseline; ICMP; interface LLD; triggers; graphs,https://documentation.campus.barracuda.com/wiki/spaces/NGFEOL/pages/756187195,
Barracuda,CloudGen F800,Barracuda CloudGen F800 by SNMP,templates/Barracuda/Barracuda__CloudGen_F800__zabbix_7_snmp.yaml,Official vendor OS/family documentation,SNMPv2-MIB + IF-MIB baseline; ICMP; interface LLD; triggers; graphs,https://documentation.campus.barracuda.com/wiki/spaces/NGFEOL/pages/756187195,
Barracuda,CloudGen F900,Barracuda CloudGen F900 by SNMP,templates/Barracuda/Barracuda__CloudGen_F900__zabbix_7_snmp.yaml,Official vendor OS/family documentation,SNMPv2-MIB + IF-MIB baseline; ICMP; interface LLD; triggers; graphs,https://documentation.campus.barracuda.com/wiki/spaces/NGFEOL/pages/756187195,
Barracuda,CloudGen F1000,Barracuda CloudGen F1000 by SNMP,templates/Barracuda/Barracuda__CloudGen_F1000__zabbix_7_snmp.yaml,Official vendor OS/family documentation,SNMPv2-MIB + IF-MIB baseline; ICMP; interface LLD; triggers; graphs,https://documentation.campus.barracuda.com/wiki/spaces/NGFEOL/pages/756187195,
Barracuda,CloudGen F2000,Barracuda CloudGen F2000 by SNMP,templates/Barracuda/Barracuda__CloudGen_F2000__zabbix_7_snmp.yaml,Official vendor OS/family documentation,SNMPv2-MIB + IF-MIB baseline; ICMP; interface LLD; triggers; graphs,https://documentation.campus.barracuda.com/wiki/spaces/NGFEOL/pages/756187195,
Barracuda,CloudGen VF10,Barracuda CloudGen VF10 by SNMP,templates/Barracuda/Barracuda__CloudGen_VF10__zabbix_7_snmp.yaml,Official vendor OS/family documentation,SNMPv2-MIB + IF-MIB baseline; ICMP; interface LLD; triggers; graphs,https://documentation.campus.barracuda.com/wiki/spaces/NGFEOL/pages/756187195,
Barracuda,CloudGen VF25,Barracuda CloudGen VF25 by SNMP,templates/Barracuda/Barracuda__CloudGen_VF25__zabbix_7_snmp.yaml,Official vendor OS/family documentation,SNMPv2-MIB + IF-MIB baseline; ICMP; interface LLD; triggers; graphs,https://documentation.campus.barracuda.com/wiki/spaces/NGFEOL/pages/756187195,
Barracuda,CloudGen VF50,Barracuda CloudGen VF50 by SNMP,templates/Barracuda/Barracuda__CloudGen_VF50__zabbix_7_snmp.yaml,Official vendor OS/family documentation,SNMPv2-MIB + IF-MIB baseline; ICMP; interface LLD; triggers; graphs,https://documentation.campus.barracuda.com/wiki/spaces/NGFEOL/pages/756187195,
Barracuda,CloudGen VF100,Barracuda CloudGen VF100 by SNMP,templates/Barracuda/Barracuda__CloudGen_VF100__zabbix_7_snmp.yaml,Official vendor OS/family documentation,SNMPv2-MIB + IF-MIB baseline; ICMP; interface LLD; triggers; graphs,https://documentation.campus.barracuda.com/wiki/spaces/NGFEOL/pages/756187195,
Barracuda,CloudGen VF250,Barracuda CloudGen VF250 by SNMP,templates/Barracuda/Barracuda__CloudGen_VF250__zabbix_7_snmp.yaml,Official vendor OS/family documentation,SNMPv2-MIB + IF-MIB baseline; ICMP; interface LLD; triggers; graphs,https://documentation.campus.barracuda.com/wiki/spaces/NGFEOL/pages/756187195,
Barracuda,CloudGen VF500,Barracuda CloudGen VF500 by SNMP,templates/Barracuda/Barracuda__CloudGen_VF500__zabbix_7_snmp.yaml,Official vendor OS/family documentation,SNMPv2-MIB + IF-MIB baseline; ICMP; interface LLD; triggers; graphs,https://documentation.campus.barracuda.com/wiki/spaces/NGFEOL/pages/756187195,
Barracuda,CloudGen VF1000,Barracuda CloudGen VF1000 by SNMP,templates/Barracuda/Barracuda__CloudGen_VF1000__zabbix_7_snmp.yaml,Official vendor OS/family documentation,SNMPv2-MIB + IF-MIB baseline; ICMP; interface LLD; triggers; graphs,https://documentation.campus.barracuda.com/wiki/spaces/NGFEOL/pages/756187195,
Barracuda,CloudGen VF2000,Barracuda CloudGen VF2000 by SNMP,templates/Barracuda/Barracuda__CloudGen_VF2000__zabbix_7_snmp.yaml,Official vendor OS/family documentation,SNMPv2-MIB + IF-MIB baseline; ICMP; interface LLD; triggers; graphs,https://documentation.campus.barracuda.com/wiki/spaces/NGFEOL/pages/756187195,
Barracuda,CloudGen VF4000,Barracuda CloudGen VF4000 by SNMP,templates/Barracuda/Barracuda__CloudGen_VF4000__zabbix_7_snmp.yaml,Official vendor OS/family documentation,SNMPv2-MIB + IF-MIB baseline; ICMP; interface LLD; triggers; graphs,https://documentation.campus.barracuda.com/wiki/spaces/NGFEOL/pages/756187195,
Barracuda,CloudGen VF8000,Barracuda CloudGen VF8000 by SNMP,templates/Barracuda/Barracuda__CloudGen_VF8000__zabbix_7_snmp.yaml,Official vendor OS/family documentation,SNMPv2-MIB + IF-MIB baseline; ICMP; interface LLD; triggers; graphs,https://documentation.campus.barracuda.com/wiki/spaces/NGFEOL/pages/756187195,
Barracuda,CloudGen VFC1,Barracuda CloudGen VFC1 by SNMP,templates/Barracuda/Barracuda__CloudGen_VFC1__zabbix_7_snmp.yaml,Official vendor OS/family documentation,SNMPv2-MIB + IF-MIB baseline; ICMP; interface LLD; triggers; graphs,https://documentation.campus.barracuda.com/wiki/spaces/NGFEOL/pages/756187195,
Barracuda,CloudGen VFC2,Barracuda CloudGen VFC2 by SNMP,templates/Barracuda/Barracuda__CloudGen_VFC2__zabbix_7_snmp.yaml,Official vendor OS/family documentation,SNMPv2-MIB + IF-MIB baseline; ICMP; interface LLD; triggers; graphs,https://documentation.campus.barracuda.com/wiki/spaces/NGFEOL/pages/756187195,
Barracuda,CloudGen VFC4,Barracuda CloudGen VFC4 by SNMP,templates/Barracuda/Barracuda__CloudGen_VFC4__zabbix_7_snmp.yaml,Official vendor OS/family documentation,SNMPv2-MIB + IF-MIB baseline; ICMP; interface LLD; triggers; graphs,https://documentation.campus.barracuda.com/wiki/spaces/NGFEOL/pages/756187195,
Barracuda,CloudGen VFC6,Barracuda CloudGen VFC6 by SNMP,templates/Barracuda/Barracuda__CloudGen_VFC6__zabbix_7_snmp.yaml,Official vendor OS/family documentation,SNMPv2-MIB + IF-MIB baseline; ICMP; interface LLD; triggers; graphs,https://documentation.campus.barracuda.com/wiki/spaces/NGFEOL/pages/756187195,
Barracuda,CloudGen VFC8,Barracuda CloudGen VFC8 by SNMP,templates/Barracuda/Barracuda__CloudGen_VFC8__zabbix_7_snmp.yaml,Official vendor OS/family documentation,SNMPv2-MIB + IF-MIB baseline; ICMP; interface LLD; triggers; graphs,https://documentation.campus.barracuda.com/wiki/spaces/NGFEOL/pages/756187195,
Barracuda,CloudGen VFC16,Barracuda CloudGen VFC16 by SNMP,templates/Barracuda/Barracuda__CloudGen_VFC16__zabbix_7_snmp.yaml,Official vendor OS/family documentation,SNMPv2-MIB + IF-MIB baseline; ICMP; interface LLD; triggers; graphs,https://documentation.campus.barracuda.com/wiki/spaces/NGFEOL/pages/756187195,
Barracuda,CloudGen VFC48,Barracuda CloudGen VFC48 by SNMP,templates/Barracuda/Barracuda__CloudGen_VFC48__zabbix_7_snmp.yaml,Official vendor OS/family documentation,SNMPv2-MIB + IF-MIB baseline; ICMP; interface LLD; triggers; graphs,https://documentation.campus.barracuda.com/wiki/spaces/NGFEOL/pages/756187195,
Zyxel,USG FLEX 50,Zyxel USG FLEX 50 by SNMP,templates/Zyxel/Zyxel__USG_FLEX_50__zabbix_7_snmp.yaml,Official vendor OS/family documentation,SNMPv2-MIB + IF-MIB baseline; ICMP; interface LLD; triggers; graphs,https://www.zyxel.com/us/en-us/products/firewall-ngfw | https://community.zyxel.com/en/discussion/18671/nebula-firewall-matrix-table-zld5-41-uos1-36,
Zyxel,USG FLEX 50W,Zyxel USG FLEX 50W by SNMP,templates/Zyxel/Zyxel__USG_FLEX_50W__zabbix_7_snmp.yaml,Official vendor OS/family documentation,SNMPv2-MIB + IF-MIB baseline; ICMP; interface LLD; triggers; graphs,https://www.zyxel.com/us/en-us/products/firewall-ngfw | https://community.zyxel.com/en/discussion/18671/nebula-firewall-matrix-table-zld5-41-uos1-36,
Zyxel,USG FLEX 50AX,Zyxel USG FLEX 50AX by SNMP,templates/Zyxel/Zyxel__USG_FLEX_50AX__zabbix_7_snmp.yaml,Official vendor OS/family documentation,SNMPv2-MIB + IF-MIB baseline; ICMP; interface LLD; triggers; graphs,https://www.zyxel.com/us/en-us/products/firewall-ngfw | https://community.zyxel.com/en/discussion/18671/nebula-firewall-matrix-table-zld5-41-uos1-36,
Zyxel,USG FLEX 100,Zyxel USG FLEX 100 by SNMP,templates/Zyxel/Zyxel__USG_FLEX_100__zabbix_7_snmp.yaml,Official vendor OS/family documentation,SNMPv2-MIB + IF-MIB baseline; ICMP; interface LLD; triggers; graphs,https://www.zyxel.com/us/en-us/products/firewall-ngfw | https://community.zyxel.com/en/discussion/18671/nebula-firewall-matrix-table-zld5-41-uos1-36,
Zyxel,USG FLEX 100W,Zyxel USG FLEX 100W by SNMP,templates/Zyxel/Zyxel__USG_FLEX_100W__zabbix_7_snmp.yaml,Official vendor OS/family documentation,SNMPv2-MIB + IF-MIB baseline; ICMP; interface LLD; triggers; graphs,https://www.zyxel.com/us/en-us/products/firewall-ngfw | https://community.zyxel.com/en/discussion/18671/nebula-firewall-matrix-table-zld5-41-uos1-36,
Zyxel,USG FLEX 100AX,Zyxel USG FLEX 100AX by SNMP,templates/Zyxel/Zyxel__USG_FLEX_100AX__zabbix_7_snmp.yaml,Official vendor OS/family documentation,SNMPv2-MIB + IF-MIB baseline; ICMP; interface LLD; triggers; graphs,https://www.zyxel.com/us/en-us/products/firewall-ngfw | https://community.zyxel.com/en/discussion/18671/nebula-firewall-matrix-table-zld5-41-uos1-36,
Zyxel,USG FLEX 200,Zyxel USG FLEX 200 by SNMP,templates/Zyxel/Zyxel__USG_FLEX_200__zabbix_7_snmp.yaml,Official vendor OS/family documentation,SNMPv2-MIB + IF-MIB baseline; ICMP; interface LLD; triggers; graphs,https://www.zyxel.com/us/en-us/products/firewall-ngfw | https://community.zyxel.com/en/discussion/18671/nebula-firewall-matrix-table-zld5-41-uos1-36,
Zyxel,USG FLEX 500,Zyxel USG FLEX 500 by SNMP,templates/Zyxel/Zyxel__USG_FLEX_500__zabbix_7_snmp.yaml,Official vendor OS/family documentation,SNMPv2-MIB + IF-MIB baseline; ICMP; interface LLD; triggers; graphs,https://www.zyxel.com/us/en-us/products/firewall-ngfw | https://community.zyxel.com/en/discussion/18671/nebula-firewall-matrix-table-zld5-41-uos1-36,
Zyxel,USG FLEX 700,Zyxel USG FLEX 700 by SNMP,templates/Zyxel/Zyxel__USG_FLEX_700__zabbix_7_snmp.yaml,Official vendor OS/family documentation,SNMPv2-MIB + IF-MIB baseline; ICMP; interface LLD; triggers; graphs,https://www.zyxel.com/us/en-us/products/firewall-ngfw | https://community.zyxel.com/en/discussion/18671/nebula-firewall-matrix-table-zld5-41-uos1-36,
Zyxel,USG FLEX 50H,Zyxel USG FLEX 50H by SNMP,templates/Zyxel/Zyxel__USG_FLEX_50H__zabbix_7_snmp.yaml,Official vendor OS/family documentation,SNMPv2-MIB + IF-MIB baseline; ICMP; interface LLD; triggers; graphs,https://www.zyxel.com/us/en-us/products/firewall-ngfw | https://community.zyxel.com/en/discussion/18671/nebula-firewall-matrix-table-zld5-41-uos1-36,
Zyxel,USG FLEX 50HP,Zyxel USG FLEX 50HP by SNMP,templates/Zyxel/Zyxel__USG_FLEX_50HP__zabbix_7_snmp.yaml,Official vendor OS/family documentation,SNMPv2-MIB + IF-MIB baseline; ICMP; interface LLD; triggers; graphs,https://www.zyxel.com/us/en-us/products/firewall-ngfw | https://community.zyxel.com/en/discussion/18671/nebula-firewall-matrix-table-zld5-41-uos1-36,
Zyxel,USG FLEX 100H,Zyxel USG FLEX 100H by SNMP,templates/Zyxel/Zyxel__USG_FLEX_100H__zabbix_7_snmp.yaml,Official vendor OS/family documentation,SNMPv2-MIB + IF-MIB baseline; ICMP; interface LLD; triggers; graphs,https://www.zyxel.com/us/en-us/products/firewall-ngfw | https://community.zyxel.com/en/discussion/18671/nebula-firewall-matrix-table-zld5-41-uos1-36,
Zyxel,USG FLEX 100HP,Zyxel USG FLEX 100HP by SNMP,templates/Zyxel/Zyxel__USG_FLEX_100HP__zabbix_7_snmp.yaml,Official vendor OS/family documentation,SNMPv2-MIB + IF-MIB baseline; ICMP; interface LLD; triggers; graphs,https://www.zyxel.com/us/en-us/products/firewall-ngfw | https://community.zyxel.com/en/discussion/18671/nebula-firewall-matrix-table-zld5-41-uos1-36,
Zyxel,USG FLEX 200H,Zyxel USG FLEX 200H by SNMP,templates/Zyxel/Zyxel__USG_FLEX_200H__zabbix_7_snmp.yaml,Official vendor OS/family documentation,SNMPv2-MIB + IF-MIB baseline; ICMP; interface LLD; triggers; graphs,https://www.zyxel.com/us/en-us/products/firewall-ngfw | https://community.zyxel.com/en/discussion/18671/nebula-firewall-matrix-table-zld5-41-uos1-36,
Zyxel,USG FLEX 200HP,Zyxel USG FLEX 200HP by SNMP,templates/Zyxel/Zyxel__USG_FLEX_200HP__zabbix_7_snmp.yaml,Official vendor OS/family documentation,SNMPv2-MIB + IF-MIB baseline; ICMP; interface LLD; triggers; graphs,https://www.zyxel.com/us/en-us/products/firewall-ngfw | https://community.zyxel.com/en/discussion/18671/nebula-firewall-matrix-table-zld5-41-uos1-36,
Zyxel,USG FLEX 500H,Zyxel USG FLEX 500H by SNMP,templates/Zyxel/Zyxel__USG_FLEX_500H__zabbix_7_snmp.yaml,Official vendor OS/family documentation,SNMPv2-MIB + IF-MIB baseline; ICMP; interface LLD; triggers; graphs,https://www.zyxel.com/us/en-us/products/firewall-ngfw | https://community.zyxel.com/en/discussion/18671/nebula-firewall-matrix-table-zld5-41-uos1-36,
Zyxel,USG FLEX 700H,Zyxel USG FLEX 700H by SNMP,templates/Zyxel/Zyxel__USG_FLEX_700H__zabbix_7_snmp.yaml,Official vendor OS/family documentation,SNMPv2-MIB + IF-MIB baseline; ICMP; interface LLD; triggers; graphs,https://www.zyxel.com/us/en-us/products/firewall-ngfw | https://community.zyxel.com/en/discussion/18671/nebula-firewall-matrix-table-zld5-41-uos1-36,
Zyxel,ZyWALL ATP100,Zyxel ZyWALL ATP100 by SNMP,templates/Zyxel/Zyxel__ZyWALL_ATP100__zabbix_7_snmp.yaml,Official vendor OS/family documentation,SNMPv2-MIB + IF-MIB baseline; ICMP; interface LLD; triggers; graphs,https://www.zyxel.com/us/en-us/products/firewall-ngfw | https://community.zyxel.com/en/discussion/18671/nebula-firewall-matrix-table-zld5-41-uos1-36,
Zyxel,ZyWALL ATP100W,Zyxel ZyWALL ATP100W by SNMP,templates/Zyxel/Zyxel__ZyWALL_ATP100W__zabbix_7_snmp.yaml,Official vendor OS/family documentation,SNMPv2-MIB + IF-MIB baseline; ICMP; interface LLD; triggers; graphs,https://www.zyxel.com/us/en-us/products/firewall-ngfw | https://community.zyxel.com/en/discussion/18671/nebula-firewall-matrix-table-zld5-41-uos1-36,
Zyxel,ZyWALL ATP200,Zyxel ZyWALL ATP200 by SNMP,templates/Zyxel/Zyxel__ZyWALL_ATP200__zabbix_7_snmp.yaml,Official vendor OS/family documentation,SNMPv2-MIB + IF-MIB baseline; ICMP; interface LLD; triggers; graphs,https://www.zyxel.com/us/en-us/products/firewall-ngfw | https://community.zyxel.com/en/discussion/18671/nebula-firewall-matrix-table-zld5-41-uos1-36,
Zyxel,ZyWALL ATP500,Zyxel ZyWALL ATP500 by SNMP,templates/Zyxel/Zyxel__ZyWALL_ATP500__zabbix_7_snmp.yaml,Official vendor OS/family documentation,SNMPv2-MIB + IF-MIB baseline; ICMP; interface LLD; triggers; graphs,https://www.zyxel.com/us/en-us/products/firewall-ngfw | https://community.zyxel.com/en/discussion/18671/nebula-firewall-matrix-table-zld5-41-uos1-36,
Zyxel,ZyWALL ATP700,Zyxel ZyWALL ATP700 by SNMP,templates/Zyxel/Zyxel__ZyWALL_ATP700__zabbix_7_snmp.yaml,Official vendor OS/family documentation,SNMPv2-MIB + IF-MIB baseline; ICMP; interface LLD; triggers; graphs,https://www.zyxel.com/us/en-us/products/firewall-ngfw | https://community.zyxel.com/en/discussion/18671/nebula-firewall-matrix-table-zld5-41-uos1-36,
Zyxel,ZyWALL ATP800,Zyxel ZyWALL ATP800 by SNMP,templates/Zyxel/Zyxel__ZyWALL_ATP800__zabbix_7_snmp.yaml,Official vendor OS/family documentation,SNMPv2-MIB + IF-MIB baseline; ICMP; interface LLD; triggers; graphs,https://www.zyxel.com/us/en-us/products/firewall-ngfw | https://community.zyxel.com/en/discussion/18671/nebula-firewall-matrix-table-zld5-41-uos1-36,
Netgate,Netgate 1100,Netgate Netgate 1100 by SNMP,templates/Netgate/Netgate__Netgate_1100__zabbix_7_snmp.yaml,Official vendor OS/family documentation,SNMPv2-MIB + IF-MIB baseline; ICMP; interface LLD; triggers; graphs,https://docs.netgate.com/pfsense/en/latest/product-manuals.html | https://docs.netgate.com/pfsense/en/latest/services/snmp.html,pfSense Plus provides SNMP through its SNMP service (bsnmpd). Enable Services > SNMP on the firewall.
Netgate,Netgate 2100,Netgate Netgate 2100 by SNMP,templates/Netgate/Netgate__Netgate_2100__zabbix_7_snmp.yaml,Official vendor OS/family documentation,SNMPv2-MIB + IF-MIB baseline; ICMP; interface LLD; triggers; graphs,https://docs.netgate.com/pfsense/en/latest/product-manuals.html | https://docs.netgate.com/pfsense/en/latest/services/snmp.html,pfSense Plus provides SNMP through its SNMP service (bsnmpd). Enable Services > SNMP on the firewall.
Netgate,Netgate 4100,Netgate Netgate 4100 by SNMP,templates/Netgate/Netgate__Netgate_4100__zabbix_7_snmp.yaml,Official vendor OS/family documentation,SNMPv2-MIB + IF-MIB baseline; ICMP; interface LLD; triggers; graphs,https://docs.netgate.com/pfsense/en/latest/product-manuals.html | https://docs.netgate.com/pfsense/en/latest/services/snmp.html,pfSense Plus provides SNMP through its SNMP service (bsnmpd). Enable Services > SNMP on the firewall.
Netgate,Netgate 4200,Netgate Netgate 4200 by SNMP,templates/Netgate/Netgate__Netgate_4200__zabbix_7_snmp.yaml,Official vendor OS/family documentation,SNMPv2-MIB + IF-MIB baseline; ICMP; interface LLD; triggers; graphs,https://docs.netgate.com/pfsense/en/latest/product-manuals.html | https://docs.netgate.com/pfsense/en/latest/services/snmp.html,pfSense Plus provides SNMP through its SNMP service (bsnmpd). Enable Services > SNMP on the firewall.
Netgate,Netgate 6100,Netgate Netgate 6100 by SNMP,templates/Netgate/Netgate__Netgate_6100__zabbix_7_snmp.yaml,Official vendor OS/family documentation,SNMPv2-MIB + IF-MIB baseline; ICMP; interface LLD; triggers; graphs,https://docs.netgate.com/pfsense/en/latest/product-manuals.html | https://docs.netgate.com/pfsense/en/latest/services/snmp.html,pfSense Plus provides SNMP through its SNMP service (bsnmpd). Enable Services > SNMP on the firewall.
Netgate,Netgate 8200,Netgate Netgate 8200 by SNMP,templates/Netgate/Netgate__Netgate_8200__zabbix_7_snmp.yaml,Official vendor OS/family documentation,SNMPv2-MIB + IF-MIB baseline; ICMP; interface LLD; triggers; graphs,https://docs.netgate.com/pfsense/en/latest/product-manuals.html | https://docs.netgate.com/pfsense/en/latest/services/snmp.html,pfSense Plus provides SNMP through its SNMP service (bsnmpd). Enable Services > SNMP on the firewall.
Netgate,Netgate 8300,Netgate Netgate 8300 by SNMP,templates/Netgate/Netgate__Netgate_8300__zabbix_7_snmp.yaml,Official vendor OS/family documentation,SNMPv2-MIB + IF-MIB baseline; ICMP; interface LLD; triggers; graphs,https://docs.netgate.com/pfsense/en/latest/product-manuals.html | https://docs.netgate.com/pfsense/en/latest/services/snmp.html,pfSense Plus provides SNMP through its SNMP service (bsnmpd). Enable Services > SNMP on the firewall.
Netgate,Netgate 1537,Netgate Netgate 1537 by SNMP,templates/Netgate/Netgate__Netgate_1537__zabbix_7_snmp.yaml,Official vendor OS/family documentation,SNMPv2-MIB + IF-MIB baseline; ICMP; interface LLD; triggers; graphs,https://docs.netgate.com/pfsense/en/latest/product-manuals.html | https://docs.netgate.com/pfsense/en/latest/services/snmp.html,pfSense Plus provides SNMP through its SNMP service (bsnmpd). Enable Services > SNMP on the firewall.
Netgate,Netgate 1541,Netgate Netgate 1541 by SNMP,templates/Netgate/Netgate__Netgate_1541__zabbix_7_snmp.yaml,Official vendor OS/family documentation,SNMPv2-MIB + IF-MIB baseline; ICMP; interface LLD; triggers; graphs,https://docs.netgate.com/pfsense/en/latest/product-manuals.html | https://docs.netgate.com/pfsense/en/latest/services/snmp.html,pfSense Plus provides SNMP through its SNMP service (bsnmpd). Enable Services > SNMP on the firewall.
Netgate,pfSense Plus AWS,Netgate pfSense Plus AWS by SNMP,templates/Netgate/Netgate__pfSense_Plus_AWS__zabbix_7_snmp.yaml,Official vendor OS/family documentation,SNMPv2-MIB + IF-MIB baseline; ICMP; interface LLD; triggers; graphs,https://docs.netgate.com/pfsense/en/latest/product-manuals.html | https://docs.netgate.com/pfsense/en/latest/services/snmp.html,pfSense Plus provides SNMP through its SNMP service (bsnmpd). Enable Services > SNMP on the firewall.
Netgate,pfSense Plus Azure,Netgate pfSense Plus Azure by SNMP,templates/Netgate/Netgate__pfSense_Plus_Azure__zabbix_7_snmp.yaml,Official vendor OS/family documentation,SNMPv2-MIB + IF-MIB baseline; ICMP; interface LLD; triggers; graphs,https://docs.netgate.com/pfsense/en/latest/product-manuals.html | https://docs.netgate.com/pfsense/en/latest/services/snmp.html,pfSense Plus provides SNMP through its SNMP service (bsnmpd). Enable Services > SNMP on the firewall.
Stormshield,SN170,Stormshield SN170 by SNMP,templates/Stormshield/Stormshield__SN170__zabbix_7_snmp.yaml,Official vendor OS/family documentation,SNMPv2-MIB + IF-MIB baseline; ICMP; interface LLD; triggers; graphs,https://www.stormshield.com/products-services/products/network-security/product-range-sns/ | https://documentation.stormshield.com/PLC/SNS/en/Content/PDF/sns-en-product_lifecycle_guide.pdf,
Stormshield,SN220,Stormshield SN220 by SNMP,templates/Stormshield/Stormshield__SN220__zabbix_7_snmp.yaml,Official vendor OS/family documentation,SNMPv2-MIB + IF-MIB baseline; ICMP; interface LLD; triggers; graphs,https://www.stormshield.com/products-services/products/network-security/product-range-sns/ | https://documentation.stormshield.com/PLC/SNS/en/Content/PDF/sns-en-product_lifecycle_guide.pdf,
Stormshield,SN320,Stormshield SN320 by SNMP,templates/Stormshield/Stormshield__SN320__zabbix_7_snmp.yaml,Official vendor OS/family documentation,SNMPv2-MIB + IF-MIB baseline; ICMP; interface LLD; triggers; graphs,https://www.stormshield.com/products-services/products/network-security/product-range-sns/ | https://documentation.stormshield.com/PLC/SNS/en/Content/PDF/sns-en-product_lifecycle_guide.pdf,
Stormshield,SN520,Stormshield SN520 by SNMP,templates/Stormshield/Stormshield__SN520__zabbix_7_snmp.yaml,Official vendor OS/family documentation,SNMPv2-MIB + IF-MIB baseline; ICMP; interface LLD; triggers; graphs,https://www.stormshield.com/products-services/products/network-security/product-range-sns/ | https://documentation.stormshield.com/PLC/SNS/en/Content/PDF/sns-en-product_lifecycle_guide.pdf,
Stormshield,SN720,Stormshield SN720 by SNMP,templates/Stormshield/Stormshield__SN720__zabbix_7_snmp.yaml,Official vendor OS/family documentation,SNMPv2-MIB + IF-MIB baseline; ICMP; interface LLD; triggers; graphs,https://www.stormshield.com/products-services/products/network-security/product-range-sns/ | https://documentation.stormshield.com/PLC/SNS/en/Content/PDF/sns-en-product_lifecycle_guide.pdf,
Stormshield,SN920,Stormshield SN920 by SNMP,templates/Stormshield/Stormshield__SN920__zabbix_7_snmp.yaml,Official vendor OS/family documentation,SNMPv2-MIB + IF-MIB baseline; ICMP; interface LLD; triggers; graphs,https://www.stormshield.com/products-services/products/network-security/product-range-sns/ | https://documentation.stormshield.com/PLC/SNS/en/Content/PDF/sns-en-product_lifecycle_guide.pdf,
Stormshield,SN1100,Stormshield SN1100 by SNMP,templates/Stormshield/Stormshield__SN1100__zabbix_7_snmp.yaml,Official vendor OS/family documentation,SNMPv2-MIB + IF-MIB baseline; ICMP; interface LLD; triggers; graphs,https://www.stormshield.com/products-services/products/network-security/product-range-sns/ | https://documentation.stormshield.com/PLC/SNS/en/Content/PDF/sns-en-product_lifecycle_guide.pdf,
Stormshield,SN2200,Stormshield SN2200 by SNMP,templates/Stormshield/Stormshield__SN2200__zabbix_7_snmp.yaml,Official vendor OS/family documentation,SNMPv2-MIB + IF-MIB baseline; ICMP; interface LLD; triggers; graphs,https://www.stormshield.com/products-services/products/network-security/product-range-sns/ | https://documentation.stormshield.com/PLC/SNS/en/Content/PDF/sns-en-product_lifecycle_guide.pdf,
Stormshield,SN3200,Stormshield SN3200 by SNMP,templates/Stormshield/Stormshield__SN3200__zabbix_7_snmp.yaml,Official vendor OS/family documentation,SNMPv2-MIB + IF-MIB baseline; ICMP; interface LLD; triggers; graphs,https://www.stormshield.com/products-services/products/network-security/product-range-sns/ | https://documentation.stormshield.com/PLC/SNS/en/Content/PDF/sns-en-product_lifecycle_guide.pdf,
Stormshield,SN5200,Stormshield SN5200 by SNMP,templates/Stormshield/Stormshield__SN5200__zabbix_7_snmp.yaml,Official vendor OS/family documentation,SNMPv2-MIB + IF-MIB baseline; ICMP; interface LLD; triggers; graphs,https://www.stormshield.com/products-services/products/network-security/product-range-sns/ | https://documentation.stormshield.com/PLC/SNS/en/Content/PDF/sns-en-product_lifecycle_guide.pdf,
Stormshield,SN6200,Stormshield SN6200 by SNMP,templates/Stormshield/Stormshield__SN6200__zabbix_7_snmp.yaml,Official vendor OS/family documentation,SNMPv2-MIB + IF-MIB baseline; ICMP; interface LLD; triggers; graphs,https://www.stormshield.com/products-services/products/network-security/product-range-sns/ | https://documentation.stormshield.com/PLC/SNS/en/Content/PDF/sns-en-product_lifecycle_guide.pdf,
Stormshield,SNxr1200,Stormshield SNxr1200 by SNMP,templates/Stormshield/Stormshield__SNxr1200__zabbix_7_snmp.yaml,Official vendor OS/family documentation,SNMPv2-MIB + IF-MIB baseline; ICMP; interface LLD; triggers; graphs,https://www.stormshield.com/products-services/products/network-security/product-range-sns/ | https://documentation.stormshield.com/PLC/SNS/en/Content/PDF/sns-en-product_lifecycle_guide.pdf,
Stormshield,SNi10,Stormshield SNi10 by SNMP,templates/Stormshield/Stormshield__SNi10__zabbix_7_snmp.yaml,Official vendor OS/family documentation,SNMPv2-MIB + IF-MIB baseline; ICMP; interface LLD; triggers; graphs,https://www.stormshield.com/products-services/products/network-security/product-range-sns/ | https://documentation.stormshield.com/PLC/SNS/en/Content/PDF/sns-en-product_lifecycle_guide.pdf,
Stormshield,SNi20,Stormshield SNi20 by SNMP,templates/Stormshield/Stormshield__SNi20__zabbix_7_snmp.yaml,Official vendor OS/family documentation,SNMPv2-MIB + IF-MIB baseline; ICMP; interface LLD; triggers; graphs,https://www.stormshield.com/products-services/products/network-security/product-range-sns/ | https://documentation.stormshield.com/PLC/SNS/en/Content/PDF/sns-en-product_lifecycle_guide.pdf,
Stormshield,SNi40,Stormshield SNi40 by SNMP,templates/Stormshield/Stormshield__SNi40__zabbix_7_snmp.yaml,Official vendor OS/family documentation,SNMPv2-MIB + IF-MIB baseline; ICMP; interface LLD; triggers; graphs,https://www.stormshield.com/products-services/products/network-security/product-range-sns/ | https://documentation.stormshield.com/PLC/SNS/en/Content/PDF/sns-en-product_lifecycle_guide.pdf,
Stormshield,SNi50,Stormshield SNi50 by SNMP,templates/Stormshield/Stormshield__SNi50__zabbix_7_snmp.yaml,Official vendor OS/family documentation,SNMPv2-MIB + IF-MIB baseline; ICMP; interface LLD; triggers; graphs,https://www.stormshield.com/products-services/products/network-security/product-range-sns/ | https://documentation.stormshield.com/PLC/SNS/en/Content/PDF/sns-en-product_lifecycle_guide.pdf,
Stormshield,Elastic Virtual Appliance,Stormshield Elastic Virtual Appliance by SNMP,templates/Stormshield/Stormshield__Elastic_Virtual_Appliance__zabbix_7_snmp.yaml,Official vendor OS/family documentation,SNMPv2-MIB + IF-MIB baseline; ICMP; interface LLD; triggers; graphs,https://www.stormshield.com/products-services/products/network-security/product-range-sns/ | https://documentation.stormshield.com/PLC/SNS/en/Content/PDF/sns-en-product_lifecycle_guide.pdf,
Forcepoint,NGFW 51,Forcepoint NGFW 51 by SNMP,templates/Forcepoint/Forcepoint__NGFW_51__zabbix_7_snmp.yaml,Official vendor OS/family documentation,SNMPv2-MIB + IF-MIB baseline; ICMP; interface LLD; triggers; graphs,https://help.forcepoint.com/ngfw/en-us/7.0.3/releasenotes/ngfw/GUID-EB85790B-C83A-499C-B634-4CD5B0BEE720.html | https://help.forcepoint.com/ngfw/en-us/7.0.0/GUID-6D0B949F-CA4E-4EEF-BAB4-AF7C248D9EB7.html,Forcepoint NGFW SNMP support is version-dependent. NGFW 7.0 provides an enhanced SNMP agent and proprietary FORCEPOINT-NGFW-ENGINE-MIB objects.
Forcepoint,NGFW 51 LTE,Forcepoint NGFW 51 LTE by SNMP,templates/Forcepoint/Forcepoint__NGFW_51_LTE__zabbix_7_snmp.yaml,Official vendor OS/family documentation,SNMPv2-MIB + IF-MIB baseline; ICMP; interface LLD; triggers; graphs,https://help.forcepoint.com/ngfw/en-us/7.0.3/releasenotes/ngfw/GUID-EB85790B-C83A-499C-B634-4CD5B0BEE720.html | https://help.forcepoint.com/ngfw/en-us/7.0.0/GUID-6D0B949F-CA4E-4EEF-BAB4-AF7C248D9EB7.html,Forcepoint NGFW SNMP support is version-dependent. NGFW 7.0 provides an enhanced SNMP agent and proprietary FORCEPOINT-NGFW-ENGINE-MIB objects.
Forcepoint,NGFW N60,Forcepoint NGFW N60 by SNMP,templates/Forcepoint/Forcepoint__NGFW_N60__zabbix_7_snmp.yaml,Official vendor OS/family documentation,SNMPv2-MIB + IF-MIB baseline; ICMP; interface LLD; triggers; graphs,https://help.forcepoint.com/ngfw/en-us/7.0.3/releasenotes/ngfw/GUID-EB85790B-C83A-499C-B634-4CD5B0BEE720.html | https://help.forcepoint.com/ngfw/en-us/7.0.0/GUID-6D0B949F-CA4E-4EEF-BAB4-AF7C248D9EB7.html,Forcepoint NGFW SNMP support is version-dependent. NGFW 7.0 provides an enhanced SNMP agent and proprietary FORCEPOINT-NGFW-ENGINE-MIB objects.
Forcepoint,NGFW N60L,Forcepoint NGFW N60L by SNMP,templates/Forcepoint/Forcepoint__NGFW_N60L__zabbix_7_snmp.yaml,Official vendor OS/family documentation,SNMPv2-MIB + IF-MIB baseline; ICMP; interface LLD; triggers; graphs,https://help.forcepoint.com/ngfw/en-us/7.0.3/releasenotes/ngfw/GUID-EB85790B-C83A-499C-B634-4CD5B0BEE720.html | https://help.forcepoint.com/ngfw/en-us/7.0.0/GUID-6D0B949F-CA4E-4EEF-BAB4-AF7C248D9EB7.html,Forcepoint NGFW SNMP support is version-dependent. NGFW 7.0 provides an enhanced SNMP agent and proprietary FORCEPOINT-NGFW-ENGINE-MIB objects.
Forcepoint,NGFW N120,Forcepoint NGFW N120 by SNMP,templates/Forcepoint/Forcepoint__NGFW_N120__zabbix_7_snmp.yaml,Official vendor OS/family documentation,SNMPv2-MIB + IF-MIB baseline; ICMP; interface LLD; triggers; graphs,https://help.forcepoint.com/ngfw/en-us/7.0.3/releasenotes/ngfw/GUID-EB85790B-C83A-499C-B634-4CD5B0BEE720.html | https://help.forcepoint.com/ngfw/en-us/7.0.0/GUID-6D0B949F-CA4E-4EEF-BAB4-AF7C248D9EB7.html,Forcepoint NGFW SNMP support is version-dependent. NGFW 7.0 provides an enhanced SNMP agent and proprietary FORCEPOINT-NGFW-ENGINE-MIB objects.
Forcepoint,NGFW N120L,Forcepoint NGFW N120L by SNMP,templates/Forcepoint/Forcepoint__NGFW_N120L__zabbix_7_snmp.yaml,Official vendor OS/family documentation,SNMPv2-MIB + IF-MIB baseline; ICMP; interface LLD; triggers; graphs,https://help.forcepoint.com/ngfw/en-us/7.0.3/releasenotes/ngfw/GUID-EB85790B-C83A-499C-B634-4CD5B0BEE720.html | https://help.forcepoint.com/ngfw/en-us/7.0.0/GUID-6D0B949F-CA4E-4EEF-BAB4-AF7C248D9EB7.html,Forcepoint NGFW SNMP support is version-dependent. NGFW 7.0 provides an enhanced SNMP agent and proprietary FORCEPOINT-NGFW-ENGINE-MIB objects.
Forcepoint,NGFW N120W,Forcepoint NGFW N120W by SNMP,templates/Forcepoint/Forcepoint__NGFW_N120W__zabbix_7_snmp.yaml,Official vendor OS/family documentation,SNMPv2-MIB + IF-MIB baseline; ICMP; interface LLD; triggers; graphs,https://help.forcepoint.com/ngfw/en-us/7.0.3/releasenotes/ngfw/GUID-EB85790B-C83A-499C-B634-4CD5B0BEE720.html | https://help.forcepoint.com/ngfw/en-us/7.0.0/GUID-6D0B949F-CA4E-4EEF-BAB4-AF7C248D9EB7.html,Forcepoint NGFW SNMP support is version-dependent. NGFW 7.0 provides an enhanced SNMP agent and proprietary FORCEPOINT-NGFW-ENGINE-MIB objects.
Forcepoint,NGFW N120WL,Forcepoint NGFW N120WL by SNMP,templates/Forcepoint/Forcepoint__NGFW_N120WL__zabbix_7_snmp.yaml,Official vendor OS/family documentation,SNMPv2-MIB + IF-MIB baseline; ICMP; interface LLD; triggers; graphs,https://help.forcepoint.com/ngfw/en-us/7.0.3/releasenotes/ngfw/GUID-EB85790B-C83A-499C-B634-4CD5B0BEE720.html | https://help.forcepoint.com/ngfw/en-us/7.0.0/GUID-6D0B949F-CA4E-4EEF-BAB4-AF7C248D9EB7.html,Forcepoint NGFW SNMP support is version-dependent. NGFW 7.0 provides an enhanced SNMP agent and proprietary FORCEPOINT-NGFW-ENGINE-MIB objects.
Forcepoint,NGFW 330,Forcepoint NGFW 330 by SNMP,templates/Forcepoint/Forcepoint__NGFW_330__zabbix_7_snmp.yaml,Official vendor OS/family documentation,SNMPv2-MIB + IF-MIB baseline; ICMP; interface LLD; triggers; graphs,https://help.forcepoint.com/ngfw/en-us/7.0.3/releasenotes/ngfw/GUID-EB85790B-C83A-499C-B634-4CD5B0BEE720.html | https://help.forcepoint.com/ngfw/en-us/7.0.0/GUID-6D0B949F-CA4E-4EEF-BAB4-AF7C248D9EB7.html,Forcepoint NGFW SNMP support is version-dependent. NGFW 7.0 provides an enhanced SNMP agent and proprietary FORCEPOINT-NGFW-ENGINE-MIB objects.
Forcepoint,NGFW 331,Forcepoint NGFW 331 by SNMP,templates/Forcepoint/Forcepoint__NGFW_331__zabbix_7_snmp.yaml,Official vendor OS/family documentation,SNMPv2-MIB + IF-MIB baseline; ICMP; interface LLD; triggers; graphs,https://help.forcepoint.com/ngfw/en-us/7.0.3/releasenotes/ngfw/GUID-EB85790B-C83A-499C-B634-4CD5B0BEE720.html | https://help.forcepoint.com/ngfw/en-us/7.0.0/GUID-6D0B949F-CA4E-4EEF-BAB4-AF7C248D9EB7.html,Forcepoint NGFW SNMP support is version-dependent. NGFW 7.0 provides an enhanced SNMP agent and proprietary FORCEPOINT-NGFW-ENGINE-MIB objects.
Forcepoint,NGFW 335,Forcepoint NGFW 335 by SNMP,templates/Forcepoint/Forcepoint__NGFW_335__zabbix_7_snmp.yaml,Official vendor OS/family documentation,SNMPv2-MIB + IF-MIB baseline; ICMP; interface LLD; triggers; graphs,https://help.forcepoint.com/ngfw/en-us/7.0.3/releasenotes/ngfw/GUID-EB85790B-C83A-499C-B634-4CD5B0BEE720.html | https://help.forcepoint.com/ngfw/en-us/7.0.0/GUID-6D0B949F-CA4E-4EEF-BAB4-AF7C248D9EB7.html,Forcepoint NGFW SNMP support is version-dependent. NGFW 7.0 provides an enhanced SNMP agent and proprietary FORCEPOINT-NGFW-ENGINE-MIB objects.
Forcepoint,NGFW N352,Forcepoint NGFW N352 by SNMP,templates/Forcepoint/Forcepoint__NGFW_N352__zabbix_7_snmp.yaml,Official vendor OS/family documentation,SNMPv2-MIB + IF-MIB baseline; ICMP; interface LLD; triggers; graphs,https://help.forcepoint.com/ngfw/en-us/7.0.3/releasenotes/ngfw/GUID-EB85790B-C83A-499C-B634-4CD5B0BEE720.html | https://help.forcepoint.com/ngfw/en-us/7.0.0/GUID-6D0B949F-CA4E-4EEF-BAB4-AF7C248D9EB7.html,Forcepoint NGFW SNMP support is version-dependent. NGFW 7.0 provides an enhanced SNMP agent and proprietary FORCEPOINT-NGFW-ENGINE-MIB objects.
Forcepoint,NGFW N355,Forcepoint NGFW N355 by SNMP,templates/Forcepoint/Forcepoint__NGFW_N355__zabbix_7_snmp.yaml,Official vendor OS/family documentation,SNMPv2-MIB + IF-MIB baseline; ICMP; interface LLD; triggers; graphs,https://help.forcepoint.com/ngfw/en-us/7.0.3/releasenotes/ngfw/GUID-EB85790B-C83A-499C-B634-4CD5B0BEE720.html | https://help.forcepoint.com/ngfw/en-us/7.0.0/GUID-6D0B949F-CA4E-4EEF-BAB4-AF7C248D9EB7.html,Forcepoint NGFW SNMP support is version-dependent. NGFW 7.0 provides an enhanced SNMP agent and proprietary FORCEPOINT-NGFW-ENGINE-MIB objects.
Forcepoint,NGFW 1101,Forcepoint NGFW 1101 by SNMP,templates/Forcepoint/Forcepoint__NGFW_1101__zabbix_7_snmp.yaml,Official vendor OS/family documentation,SNMPv2-MIB + IF-MIB baseline; ICMP; interface LLD; triggers; graphs,https://help.forcepoint.com/ngfw/en-us/7.0.3/releasenotes/ngfw/GUID-EB85790B-C83A-499C-B634-4CD5B0BEE720.html | https://help.forcepoint.com/ngfw/en-us/7.0.0/GUID-6D0B949F-CA4E-4EEF-BAB4-AF7C248D9EB7.html,Forcepoint NGFW SNMP support is version-dependent. NGFW 7.0 provides an enhanced SNMP agent and proprietary FORCEPOINT-NGFW-ENGINE-MIB objects.
Forcepoint,NGFW 1105,Forcepoint NGFW 1105 by SNMP,templates/Forcepoint/Forcepoint__NGFW_1105__zabbix_7_snmp.yaml,Official vendor OS/family documentation,SNMPv2-MIB + IF-MIB baseline; ICMP; interface LLD; triggers; graphs,https://help.forcepoint.com/ngfw/en-us/7.0.3/releasenotes/ngfw/GUID-EB85790B-C83A-499C-B634-4CD5B0BEE720.html | https://help.forcepoint.com/ngfw/en-us/7.0.0/GUID-6D0B949F-CA4E-4EEF-BAB4-AF7C248D9EB7.html,Forcepoint NGFW SNMP support is version-dependent. NGFW 7.0 provides an enhanced SNMP agent and proprietary FORCEPOINT-NGFW-ENGINE-MIB objects.
Forcepoint,NGFW 2101,Forcepoint NGFW 2101 by SNMP,templates/Forcepoint/Forcepoint__NGFW_2101__zabbix_7_snmp.yaml,Official vendor OS/family documentation,SNMPv2-MIB + IF-MIB baseline; ICMP; interface LLD; triggers; graphs,https://help.forcepoint.com/ngfw/en-us/7.0.3/releasenotes/ngfw/GUID-EB85790B-C83A-499C-B634-4CD5B0BEE720.html | https://help.forcepoint.com/ngfw/en-us/7.0.0/GUID-6D0B949F-CA4E-4EEF-BAB4-AF7C248D9EB7.html,Forcepoint NGFW SNMP support is version-dependent. NGFW 7.0 provides an enhanced SNMP agent and proprietary FORCEPOINT-NGFW-ENGINE-MIB objects.
Forcepoint,NGFW 2105,Forcepoint NGFW 2105 by SNMP,templates/Forcepoint/Forcepoint__NGFW_2105__zabbix_7_snmp.yaml,Official vendor OS/family documentation,SNMPv2-MIB + IF-MIB baseline; ICMP; interface LLD; triggers; graphs,https://help.forcepoint.com/ngfw/en-us/7.0.3/releasenotes/ngfw/GUID-EB85790B-C83A-499C-B634-4CD5B0BEE720.html | https://help.forcepoint.com/ngfw/en-us/7.0.0/GUID-6D0B949F-CA4E-4EEF-BAB4-AF7C248D9EB7.html,Forcepoint NGFW SNMP support is version-dependent. NGFW 7.0 provides an enhanced SNMP agent and proprietary FORCEPOINT-NGFW-ENGINE-MIB objects.
Forcepoint,NGFW 2201,Forcepoint NGFW 2201 by SNMP,templates/Forcepoint/Forcepoint__NGFW_2201__zabbix_7_snmp.yaml,Official vendor OS/family documentation,SNMPv2-MIB + IF-MIB baseline; ICMP; interface LLD; triggers; graphs,https://help.forcepoint.com/ngfw/en-us/7.0.3/releasenotes/ngfw/GUID-EB85790B-C83A-499C-B634-4CD5B0BEE720.html | https://help.forcepoint.com/ngfw/en-us/7.0.0/GUID-6D0B949F-CA4E-4EEF-BAB4-AF7C248D9EB7.html,Forcepoint NGFW SNMP support is version-dependent. NGFW 7.0 provides an enhanced SNMP agent and proprietary FORCEPOINT-NGFW-ENGINE-MIB objects.
Forcepoint,NGFW 2205,Forcepoint NGFW 2205 by SNMP,templates/Forcepoint/Forcepoint__NGFW_2205__zabbix_7_snmp.yaml,Official vendor OS/family documentation,SNMPv2-MIB + IF-MIB baseline; ICMP; interface LLD; triggers; graphs,https://help.forcepoint.com/ngfw/en-us/7.0.3/releasenotes/ngfw/GUID-EB85790B-C83A-499C-B634-4CD5B0BEE720.html | https://help.forcepoint.com/ngfw/en-us/7.0.0/GUID-6D0B949F-CA4E-4EEF-BAB4-AF7C248D9EB7.html,Forcepoint NGFW SNMP support is version-dependent. NGFW 7.0 provides an enhanced SNMP agent and proprietary FORCEPOINT-NGFW-ENGINE-MIB objects.
Forcepoint,NGFW 2210,Forcepoint NGFW 2210 by SNMP,templates/Forcepoint/Forcepoint__NGFW_2210__zabbix_7_snmp.yaml,Official vendor OS/family documentation,SNMPv2-MIB + IF-MIB baseline; ICMP; interface LLD; triggers; graphs,https://help.forcepoint.com/ngfw/en-us/7.0.3/releasenotes/ngfw/GUID-EB85790B-C83A-499C-B634-4CD5B0BEE720.html | https://help.forcepoint.com/ngfw/en-us/7.0.0/GUID-6D0B949F-CA4E-4EEF-BAB4-AF7C248D9EB7.html,Forcepoint NGFW SNMP support is version-dependent. NGFW 7.0 provides an enhanced SNMP agent and proprietary FORCEPOINT-NGFW-ENGINE-MIB objects.
Forcepoint,NGFW 3301,Forcepoint NGFW 3301 by SNMP,templates/Forcepoint/Forcepoint__NGFW_3301__zabbix_7_snmp.yaml,Official vendor OS/family documentation,SNMPv2-MIB + IF-MIB baseline; ICMP; interface LLD; triggers; graphs,https://help.forcepoint.com/ngfw/en-us/7.0.3/releasenotes/ngfw/GUID-EB85790B-C83A-499C-B634-4CD5B0BEE720.html | https://help.forcepoint.com/ngfw/en-us/7.0.0/GUID-6D0B949F-CA4E-4EEF-BAB4-AF7C248D9EB7.html,Forcepoint NGFW SNMP support is version-dependent. NGFW 7.0 provides an enhanced SNMP agent and proprietary FORCEPOINT-NGFW-ENGINE-MIB objects.
Forcepoint,NGFW 3305,Forcepoint NGFW 3305 by SNMP,templates/Forcepoint/Forcepoint__NGFW_3305__zabbix_7_snmp.yaml,Official vendor OS/family documentation,SNMPv2-MIB + IF-MIB baseline; ICMP; interface LLD; triggers; graphs,https://help.forcepoint.com/ngfw/en-us/7.0.3/releasenotes/ngfw/GUID-EB85790B-C83A-499C-B634-4CD5B0BEE720.html | https://help.forcepoint.com/ngfw/en-us/7.0.0/GUID-6D0B949F-CA4E-4EEF-BAB4-AF7C248D9EB7.html,Forcepoint NGFW SNMP support is version-dependent. NGFW 7.0 provides an enhanced SNMP agent and proprietary FORCEPOINT-NGFW-ENGINE-MIB objects.
Forcepoint,NGFW 3401,Forcepoint NGFW 3401 by SNMP,templates/Forcepoint/Forcepoint__NGFW_3401__zabbix_7_snmp.yaml,Official vendor OS/family documentation,SNMPv2-MIB + IF-MIB baseline; ICMP; interface LLD; triggers; graphs,https://help.forcepoint.com/ngfw/en-us/7.0.3/releasenotes/ngfw/GUID-EB85790B-C83A-499C-B634-4CD5B0BEE720.html | https://help.forcepoint.com/ngfw/en-us/7.0.0/GUID-6D0B949F-CA4E-4EEF-BAB4-AF7C248D9EB7.html,Forcepoint NGFW SNMP support is version-dependent. NGFW 7.0 provides an enhanced SNMP agent and proprietary FORCEPOINT-NGFW-ENGINE-MIB objects.
Forcepoint,NGFW 3405,Forcepoint NGFW 3405 by SNMP,templates/Forcepoint/Forcepoint__NGFW_3405__zabbix_7_snmp.yaml,Official vendor OS/family documentation,SNMPv2-MIB + IF-MIB baseline; ICMP; interface LLD; triggers; graphs,https://help.forcepoint.com/ngfw/en-us/7.0.3/releasenotes/ngfw/GUID-EB85790B-C83A-499C-B634-4CD5B0BEE720.html | https://help.forcepoint.com/ngfw/en-us/7.0.0/GUID-6D0B949F-CA4E-4EEF-BAB4-AF7C248D9EB7.html,Forcepoint NGFW SNMP support is version-dependent. NGFW 7.0 provides an enhanced SNMP agent and proprietary FORCEPOINT-NGFW-ENGINE-MIB objects.
Forcepoint,NGFW 3410,Forcepoint NGFW 3410 by SNMP,templates/Forcepoint/Forcepoint__NGFW_3410__zabbix_7_snmp.yaml,Official vendor OS/family documentation,SNMPv2-MIB + IF-MIB baseline; ICMP; interface LLD; triggers; graphs,https://help.forcepoint.com/ngfw/en-us/7.0.3/releasenotes/ngfw/GUID-EB85790B-C83A-499C-B634-4CD5B0BEE720.html | https://help.forcepoint.com/ngfw/en-us/7.0.0/GUID-6D0B949F-CA4E-4EEF-BAB4-AF7C248D9EB7.html,Forcepoint NGFW SNMP support is version-dependent. NGFW 7.0 provides an enhanced SNMP agent and proprietary FORCEPOINT-NGFW-ENGINE-MIB objects.
Forcepoint,NGFW 6205,Forcepoint NGFW 6205 by SNMP,templates/Forcepoint/Forcepoint__NGFW_6205__zabbix_7_snmp.yaml,Official vendor OS/family documentation,SNMPv2-MIB + IF-MIB baseline; ICMP; interface LLD; triggers; graphs,https://help.forcepoint.com/ngfw/en-us/7.0.3/releasenotes/ngfw/GUID-EB85790B-C83A-499C-B634-4CD5B0BEE720.html | https://help.forcepoint.com/ngfw/en-us/7.0.0/GUID-6D0B949F-CA4E-4EEF-BAB4-AF7C248D9EB7.html,Forcepoint NGFW SNMP support is version-dependent. NGFW 7.0 provides an enhanced SNMP agent and proprietary FORCEPOINT-NGFW-ENGINE-MIB objects.
Forcepoint,Virtual NGFW Engine,Forcepoint Virtual NGFW Engine by SNMP,templates/Forcepoint/Forcepoint__Virtual_NGFW_Engine__zabbix_7_snmp.yaml,Official vendor OS/family documentation,SNMPv2-MIB + IF-MIB baseline; ICMP; interface LLD; triggers; graphs,https://help.forcepoint.com/ngfw/en-us/7.0.3/releasenotes/ngfw/GUID-EB85790B-C83A-499C-B634-4CD5B0BEE720.html | https://help.forcepoint.com/ngfw/en-us/7.0.0/GUID-6D0B949F-CA4E-4EEF-BAB4-AF7C248D9EB7.html,Forcepoint NGFW SNMP support is version-dependent. NGFW 7.0 provides an enhanced SNMP agent and proprietary FORCEPOINT-NGFW-ENGINE-MIB objects.
